<s>,<s>,1.000000
</s>,</s>,1.000000
`k_ae_s_t,キャスト,1.000000
p_ax_s,プス,0.333333
p_ax_s,パス,0.666667
`g_l_ah_v,グローブ,1.000000
`t_uw_b,チューブ,1.000000
`m_iy_t,ミート,1.000000
`th_ae_ng_k,サンキュー,1.000000
`r_ey_n,レン,0.142857
`r_ey_n,レーン,0.428571
`r_ey_n,レイン,0.428571
`b_r_eh,ブラ,1.000000
p_r_iy,プリ,1.000000
f_l_ax_n,フロン,1.000000
`p_uw_l,プール,1.000000
`t_ow_n,トーン,1.000000
`l_ao_g,ログ,0.250000
`l_ao_g,ローグ,0.750000
`g_r_ih_l,グリル,1.000000
k_l_ax_s,クレス,1.000000
`p_r_ay_s,プライス,1.000000
r_ih_s_t,リスト,1.000000
p_r_eh,プレ,1.000000
`l_oy_d,ロイド,1.000000
`s_l_ih_t,スリット,1.000000
`k_r_eh,ク,1.000000
g_e,ガ,1.000000
t_uw_n,プチューン,1.000000
`g_ah_m,ガム,1.000000
`t_ao,ト,0.875000
`t_ao,トー,0.125000
n_ax_s_t,ニスト,1.000000
z_ax_k_s,ジックス,1.000000
`g_r_ae_f,グラフ,1.000000
`th_ay,サイ,1.000000
`hh_aw_s,ハウス,1.000000
`t_ow,ト,0.666667
`t_ow,トー,0.333333
`k_ao_r_n,コーン,1.000000
`ow,フォー,0.019231
`ow,オー,0.634615
`ow,オッ,0.019231
`ow,オ,0.288462
`r_ey,リー,0.035714
`r_ey,レー,0.571429
`r_ey,ライ,0.035714
`r_ey,ラ,0.321429
`r_ey,レ,0.035714
`ey_l,エール,1.000000
`d_aw_t,イドアウト,1.000000
`p_ay_p,パイプ,1.000000
k_ax,シ,0.018182
k_ax,キュ,0.018182
k_ax,ケ,0.072727
k_ax,コ,0.490909
k_ax,ク,0.054545
k_ax,カ,0.345455
`p_l_ae_ng_k,プランク,1.000000
`r_ae_k,アク,0.333333
`r_ae_k,ラック,0.666667
`l_ay_f,ライフ,1.000000
s_t_er_n,スタン,1.000000
`jh_ae_b,ジャブ,1.000000
m_ae_g,マグ,1.000000
`s_p_aa_r,スパー,1.000000
`d_ah_s_t,ダスト,1.000000
`d_r_ih,ドリ,1.000000
`s_p_ae,スパ,1.000000
`b_w_ey,ブウエー,1.000000
`n_ih_m_f,ニンフ,1.000000
`l_iy_f,リーフ,1.000000
`y_eh_s,イエス,1.000000
`hh_ow,ホー,0.600000
`hh_ow,ホ,0.400000
`k_ih_k,キック,1.000000
`s_l_ow,スロー,1.000000
`n_aa,ノッ,0.222222
`n_aa,ノ,0.666667
`n_aa,ナ,0.111111
`s_k_aw_t_s,スカウト,1.000000
`k_w_ey,クエー,1.000000
`z_ih,ゼ,0.111111
`z_ih,チ,0.111111
`z_ih,ジッ,0.111111
`z_ih,ジ,0.666667
`g_l_ih,グリ,1.000000
s_ax_p,シップ,1.000000
`m_ay_t,マイト,1.000000
`p_eh_n_s,ペンス,1.000000
`r_ih_s_t,リスト,1.000000
`n_aa_n,ナン,0.250000
`n_aa_n,ノン,0.750000
`m_ih_k_s,ミックス,1.000000
`s_t_ae_t,スタット,1.000000
`m_ae_p,マップ,1.000000
`d_r_ao_n,ドロン,1.000000
`eh_n,ヌ,0.050000
`eh_n,エン,0.850000
`eh_n,エヌ,0.100000
`f_l_ay_t,フライト,1.000000
t_ax_s,テータ,1.000000
`hh_eh_d,ヘッド,1.000000
`p_aa_r_t,パート,1.000000
`l_eh_n_z,レンズ,1.000000
`d_ey,デ,0.052632
`d_ey,デー,0.947368
t_r_iy,トリー,0.666667
t_r_iy,タリー,0.333333
n_e,ネ,0.733333
n_e,ノ,0.133333
n_e,ナ,0.133333
`g_ae_t,ガット,1.000000
r_ax_ng,アリング,0.500000
r_ax_ng,リング,0.375000
r_ax_ng,ヤリング,0.125000
`k_r_iy_m,クリーム,1.000000
jh_ax_n_t,ジェント,0.750000
jh_ax_n_t,ゼント,0.250000
`s_k_ey_l,スケール,1.000000
`n_ow_t_s,ノーツ,1.000000
`k_l_ah_ch,クラッチ,1.000000
`t_ao_r_ch,トーチ,1.000000
`f_r_eh_sh,フレッシュ,1.000000
k_ax_ng_z,キング,1.000000
v_ih,バ,1.000000
`r_iy,リー,0.210526
`r_iy,リア,0.105263
`r_iy,リ,0.526316
`r_iy,レ,0.157895
p_ay_r,イア,1.000000
`n_ao_r,ノー,0.333333
`n_ao_r,ノル,0.666667
`m_ey_t,ムメート,1.000000
`r_iy_n,レン,0.333333
`r_iy_n,リン,0.666667
s_k_l_ax,スクラ,1.000000
`k_r_uw_t,クルート,1.000000
`k_w_aa,カ,0.333333
`k_w_aa,クオ,0.666667
`m_uw_v,ムーブ,1.000000
`d_ay,ディ,0.120000
`d_ay,ダイ,0.880000
`ch_ae_m,チャン,1.000000
`s_ao,ソー,0.888889
`s_ao,サウ,0.111111
g_l_ax_g,グレッグ,1.000000
`r_iy_ch,リーチ,1.000000
`t_r_ow_l,トロール,1.000000
`s_t_eh_l,ステル,1.000000
n_ih_ng,ニング,1.000000
`s_ow,ソー,0.687500
`s_ow,ソ,0.250000
`s_ow,オー,0.062500
`sh_ay,シャイ,1.000000
`s_n_ow,スノー,1.000000
`g_aa_l,ゴル,1.000000
k_y_uw_m,キューム,1.000000
k_aa,コ,1.000000
`n_uw,ヌー,0.071429
`n_uw,ニュー,0.857143
`n_uw,ヌ,0.071429
`k_w_eh_s,クエ,1.000000
`r_eh_s_t,レスト,1.000000
d_ax_sh,ディッシュ,1.000000
`w_ay_f,ワイフ,1.000000
s_p_e,スピ,1.000000
`jh_ah_m_p,ジャンプ,1.000000
b_ax,ボ,0.294118
b_ax,バ,0.470588
b_ax,ビ,0.176471
`z_er,ザー,0.333333
`z_er,ズル,0.333333
`z_er,ジル,0.333333
`s_k_r_uw,スクリュー,1.000000
`t_aa_r,タルタ,0.142857
`t_aa_r,タール,0.285714
`t_aa_r,ギター,0.142857
`t_aa_r,ター,0.428571
`s_t_ae_m_p,スタンプ,1.000000
`d_iy,ディ,0.214286
`d_iy,ディー,0.642857
`d_iy,デ,0.071429
`d_iy,デー,0.071429
s_ax_n_s,ザンス,0.250000
s_ax_n_s,センス,0.750000
`ch_ao,チョ,1.000000
`d_iy_n,バジン,1.000000
g_w_ax_jh,ゲージ,1.000000
r_ax_t,レー,0.125000
r_ax_t,リット,0.750000
r_ax_t,エロ,0.125000
t_ax_k_s_t,テクスト,1.000000
`g_r_uw_p,グループ,1.000000
`f_aw_l,ファウル,1.000000
`l_ih_m,リン,1.000000
`r_ay,ラ,0.222222
`r_ay,ライ,0.666667
`r_ay,リ,0.111111
s_k_aw_n_t,スカウント,1.000000
`s_t_ay_m,レックスタイム,1.000000
`s_p_eh_n,スペン,1.000000
`z_eh,グゼ,1.000000
`s_t_ae_l,スタル,1.000000
r_iy_z,リーズ,1.000000
`d_aa_r,ダー,1.000000
`t_r_ae_p,トラップ,1.000000
`t_iy,ティー,0.933333
`t_iy,タ,0.066667
`th_r_ih_l,スリル,1.000000
t_ax_s_t,チスト,0.333333
t_ax_s_t,テスト,0.333333
t_ax_s_t,ティスト,0.333333
`w_uh,ウー,0.750000
`w_uh,ウ,0.250000
`f_er,ファ,1.000000
v_ax_jh,ベージ,1.000000
`v_eh_n_t,ベンツ,0.333333
`v_eh_n_t,ベント,0.666667
f_l_uw,フル,1.000000
ih_k,エキ,1.000000
b_ow,ボエ,0.250000
b_ow,ボ,0.750000
`p_uh,プ,1.000000
s_ax_p_t,セプト,1.000000
`l_eh_s,レス,1.000000
`f_eh_n,フェン,1.000000
`m_ow_t,モート,1.000000
`f_eh,フェッ,0.153846
`f_eh,フェ,0.692308
`f_eh,フェア,0.076923
`f_ae_b,ハブ,1.000000
p_e,ポ,0.181818
p_e,ペ,0.363636
p_e,パ,0.454545
`m_eh_l,メル,1.000000
`t_iy_ch,ティーチ,1.000000
`ey_t,エイ,0.333333
`ey_t,エート,0.333333
`ey_t,エイト,0.333333
s_t_ax_s,ステス,1.000000
`k_y_uh,キュ,1.000000
`l_iy_g,リーグ,1.000000
`s_l_ay_s,スライス,1.000000
g_ax_s,グース,1.000000
`k_ao_r,コル,0.055556
`k_ao_r,コール,0.055556
`k_ao_r,コー,0.777778
`k_ao_r,コア,0.111111
k_ax_m,ム,0.058824
k_ax_m,コン,0.764706
k_ax_m,カン,0.117647
`s_ae_k,サキ,0.250000
`s_ae_k,サック,0.500000
`s_ae_k,サク,0.250000
`sh_iy_t_s,シーツ,1.000000
`jh_ih_m,ジム,1.000000
`t_iy_n,チネ,0.166667
`t_iy_n,ティーン,0.333333
`t_iy_n,チン,0.500000
`p_ey_n_t,ペイント,1.000000
g_r_iy,グリ,1.000000
`sh_aa_r_k,シャーク,1.000000
`hh_ah_n_t,ハント,1.000000
`s_ey,セ,0.090909
`s_ey,スエー,0.090909
`s_ey,セー,0.545455
`s_ey,サ,0.272727
`b_y_uh,ビュー,1.000000
ax_l,ヤリ,0.080000
ax_l,ヤル,0.200000
ax_l,ル,0.120000
ax_l,アル,0.480000
`oy_l,オイル,1.000000
`s_w_iy,スイー,1.000000
`sh_aw,シャ,1.000000
`b_uw,ブー,1.000000
`t_r_ah_ng_k_s,トランクス,1.000000
`jh_iy_n_z,ジーンズ,1.000000
`f_uw_d,フード,1.000000
`s_p_ae_n,スパン,1.000000
`ih_ng_k,インク,1.000000
n_ax_s,ナス,0.250000
n_ax_s,ニス,0.250000
n_ax_s,ネス,0.500000
`r_ah_sh,ラッシュ,1.000000
`l_aw_d,ラウド,1.000000
`t_eh_s_t,テスト,1.000000
`k_uw,クー,1.000000
t_e,ター,0.100000
t_e,タ,0.700000
t_e,テ,0.100000
t_e,ト,0.100000
`s_k_aw_t,スカウト,1.000000
`t_ae_l_k,タルク,1.000000
`n_eh_k,ネク,0.500000
`n_eh_k,ネック,0.500000
`s_p_ey_s,スペース,1.000000
`s_t_iy_zh,ステージ,1.000000
`g_ih_v,ギブ,1.000000
r_ih_s,リス,1.000000
`f_r_ay,フライ,1.000000
`n_ey_z,ヨネーズ,1.000000
`t_ay,タイ,1.000000
`ah,アッ,0.500000
`ah,オー,0.500000
`s_t_uw,スタ,0.400000
`s_t_uw,スチュ,0.400000
`s_t_uw,シチュー,0.200000
`s_ih_s_t,シスト,1.000000
s_k_r_ax_m,スクラム,1.000000
`k_ao_z,コス,1.000000
k_w_iy,クイ,1.000000
`d_r_ao,ドロー,1.000000
`p_aa_r_t_s,パーツ,1.000000
s_ax_l,シル,0.111111
s_ax_l,サル,0.333333
s_ax_l,ゼル,0.222222
s_ax_l,セル,0.111111
s_ax_l,スル,0.222222
y_er,アドライヤー,1.000000
`p_r_ow,プロ,1.000000
er_z,ワー,1.000000
`s_t_r_ow_k,ストローク,1.000000
`d_ih_sh,ディッシュ,1.000000
p_ax_s_t,ピスト,1.000000
r_ax_k,ラク,0.333333
r_ax_k,リック,0.666667
s_aa_l,サ,1.000000
`m_ih_l,ミル,1.000000
`f_ih,フィッ,0.111111
`f_ih,フィ,0.777778
`f_ih,ヒ,0.111111
`s_p_ao_r_t,スポート,0.200000
`s_p_ao_r_t,ス,0.800000
`m_uh_k,ムック,1.000000
`ih_ng,ズイン,1.000000
p_l_ax,プリ,0.333333
p_l_ax,プラ,0.666667
`t_ey_n,テイ,1.000000
th_ao_l,ソール,1.000000
`t_r_ih,トリッ,0.250000
`t_r_ih,トリ,0.750000
`s_iy,シー,0.875000
`s_iy,セ,0.031250
`s_iy,イセ,0.031250
`s_iy,シ,0.062500
t_ih_ng,ティング,1.000000
`s_m_uw_dh,スムーズ,1.000000
`th_r_ow,スロー,1.000000
`k_ih_d,キッド,1.000000
`s_er_jh,サージ,1.000000
`k_r_ae,クラッ,1.000000
`s_l_ah,スラッ,1.000000
`t_ae_k,タック,0.500000
`t_ae_k,タク,0.500000
`f_oy_l,ホイル,1.000000
`s_ao_f_t,ソフト,1.000000
`s_iy_n,シーン,1.000000
`l_ah_v,ラブ,1.000000
`n_ay_z,ニーズ,0.500000
`n_ay_z,ナイズ,0.500000
`p_r_ae_g,プラグ,1.000000
`b_l_uw,ブルー,1.000000
`t_ey,テ,0.166667
`t_ey,テイ,0.041667
`t_ey,テー,0.791667
`f_l_ao_r,フロア,1.000000
`l_ae_m_p,ランプ,1.000000
`r_ow,ロー,0.600000
`r_ow,ロ,0.400000
`b_r_ey_k,ブレーク,1.000000
`r_ey_n_jh,レンジ,1.000000
`n_iy_z,ニーズ,1.000000
`hh_ae_n,ハン,1.000000
`s_f_ih_ng_k_s,スフィンクス,1.000000
`s_p_er_t,スパート,1.000000
`s_ay_n,サイン,1.000000
`k_aa,コン,0.027778
`k_aa,コッ,0.027778
`k_aa,カ,0.138889
`k_aa,コ,0.750000
`k_aa,コー,0.055556
`n_ih_k,ニック,1.000000
k_w_ax_d,キッド,1.000000
z_l_iy,ズリー,1.000000
`k_ow_l_t,コルト,1.000000
k_aa_m,コム,1.000000
`g_l_eh_k_t,グレクト,1.000000
`hh_ao_l,ホール,1.000000
`b_ao_l_t,バルト,1.000000
`b_aa,ボッ,0.333333
`b_aa,ボ,0.666667
ax_n,オン,0.304348
ax_n,アン,0.565217
ax_n,イン,0.130435
n_y_ax_n_s,ニエン,1.000000
`f_ah,ファ,1.000000
`s_k_ey_t,スケート,1.000000
`m_ae_g,マグ,1.000000
`ae_m,ム,1.000000
`m_ah_l,マル,1.000000
`k_w_ao_r_t_s,クォーツ,1.000000
`t_eh_k_s_t,テキスト,1.000000
`t_aw_t,トアウト,1.000000
sh_uw,シュ,1.000000
`r_uw_t_s,ルーツ,1.000000
`t_r_eh_n_d,トレンド,1.000000
`hh_eh_r,ヘア,1.000000
`d_ow,ドー,0.714286
`d_ow,ド,0.285714
`s_p_eh,スペ,1.000000
`s_p_eh_n_s,スペンス,1.000000
`k_aa_n,カン,0.058824
`k_aa_n,コン,0.941176
k_ow,ア,0.125000
k_ow,コー,0.375000
k_ow,コ,0.500000
`s_ay,サイ,0.888889
`s_ay,シ,0.083333
`s_ay,サ,0.027778
`d_ao,ド,0.500000
`d_ao,ドッ,0.500000
`p_aa,パ,0.100000
`p_aa,ポ,0.900000
`s_t_ao,ストー,1.000000
`eh_m,ム,0.181818
`eh_m,エン,0.090909
`eh_m,エム,0.545455
`eh_m,エ,0.181818
`l_y_uh,リウ,1.000000
s_ow,ソ,1.000000
`r_eh_k_t,イレクト,1.000000
`g_ao_ng,ゴング,1.000000
`iy_v,イブ,0.833333
`iy_v,イーブ,0.166667
`w_aa,ウオッ,0.500000
`w_aa,ワッ,0.500000
`s_t_ow_l,ストール,1.000000
`s_t_eh_p,ステップ,1.000000
m_ax_ng,ミング,0.909091
m_ax_ng,シングシンシン,0.090909
`r_iy_l,リール,0.250000
`r_iy_l,リアル,0.750000
`p_ah_l_s,パルス,1.000000
`sh_ae_ch,ルシャッハ,1.000000
`s_k_ey_p,スケープ,1.000000
f_l_ax_k_s,フレックス,1.000000
`g_r_ae,グラ,1.000000
`f_l_uw_k,フロック,1.000000
`jh_uw_n,ジューンブ,1.000000
s_p_er_t,キスパート,1.000000
`s_eh_t,セット,1.000000
`jh_eh_m,ゼム,1.000000
th_iy,シー,0.666667
th_iy,チ,0.333333
`g_l_uw,グルー,1.000000
`s_p_ay_s,スパイス,1.000000
`t_w_iy_d,ツイード,1.000000
`w_aa_ch,ウオッチ,1.000000
`f_ah_n_d,ファンド,1.000000
`n_ah_m,ナン,1.000000
g_iy,ギー,0.500000
g_iy,ロッキー,0.500000
`t_ae_m,タン,1.000000
ch_iy,ス,0.500000
ch_iy,キ,0.500000
`r_ih_dh,リズ,1.000000
`s_ow_l,ソウル,0.500000
`s_ow_l,ソール,0.500000
`p_aa_n,ポン,1.000000
g_r_ey,グラ,1.000000
`g_aa,ゴー,0.142857
`g_aa,ガッ,0.142857
`g_aa,ゴ,0.714286
sh_ax_s,シャス,1.000000
r_ax_n_jh,レンジ,1.000000
`n_ay_z_d,ナズド,1.000000
`jh_oy,ジョイ,1.000000
l_ax_k_s,リック,1.000000
`p_ao_ng,ポン,1.000000
`t_ao_r_t,トルト,1.000000
`t_r_ah_s_t,トラスト,1.000000
`n_ih_m,ニム,1.000000
m_er_z,オーマー,1.000000
p_y_ax,ピュ,1.000000
`k_ao_f,クオフ,1.000000
n_iy,ネー,0.093750
n_iy,ニー,0.375000
n_iy,ニ,0.500000
`hh_ih_ch,ヒッチ,1.000000
jh_ax_ng,ジング,1.000000
`k_er_v,カーブ,1.000000
`m_y_uw,ミュ,0.416667
`m_y_uw,ミュー,0.583333
b_ax_l,ベル,0.050000
b_ax_l,ビール,0.025000
b_ax_l,ブル,0.825000
b_ax_l,バル,0.050000
b_ax_l,ル,0.050000
`m_uw_th,ルモット,1.000000
ax_ng,イン,0.333333
ax_ng,イング,0.666667
`l_ae_sh,ラッシュ,1.000000
`s_k_r_ae_p,スクラップ,1.000000
`l_uw,リュー,0.200000
`l_uw,ルー,0.200000
`l_uw,ル,0.600000
`ch_uh_r,チュール,0.333333
`ch_uh_r,チュア,0.666667
`g_aa_n,ゴン,1.000000
m_ax_t,ミット,0.750000
m_ax_t,メット,0.250000
`aa_p,プ,0.250000
`aa_p,オプ,0.750000
k_ax_l,ケル,0.029412
k_ax_l,カル,0.676471
k_ax_l,クル,0.264706
k_ax_l,カロ,0.029412
`f_iy_t,フィート,1.000000
s_k_ax_t,スコット,1.000000
`n_ay_f,ナイフ,1.000000
m_ih_s_t,ミスト,1.000000
`d_ah_k_t,ダクト,1.000000
`p_uw,プー,1.000000
l_ax_jh,レッジ,1.000000
`l_ao_n_ch,ランチ,1.000000
`l_uh_k_s,ルックス,1.000000
r_ax_l_z,ラル,1.000000
p_ax_n,イピン,0.125000
p_ax_n,ピン,0.250000
p_ax_n,プン,0.625000
`k_ih_s,キッス,0.500000
`k_ih_s,キス,0.500000
`sh_iy_n,シン,0.833333
`sh_iy_n,シーン,0.166667
`k_r_ao_l,クロール,1.000000
p_ae_n,パン,1.000000
ax_s,セス,0.400000
ax_s,ウス,0.200000
ax_s,アス,0.400000
`f_ao_r_k,フォーク,0.666667
`f_ao_r_k,ホーク,0.333333
`s_t_ow_v,ストーブ,1.000000
`s_t_r_iy_t,ストリート,1.000000
`s_ae_m,サン,1.000000
`k_aa_k_s,コックス,1.000000
`p_uw_n,パン,1.000000
`l_ao_ng,ロング,1.000000
`k_r_ow,クロ,1.000000
n_ax_n_t,ネント,0.250000
n_ax_n_t,ナント,0.750000
`p_ow_z,ポーズ,1.000000
`r_ey_l,レール,1.000000
t_er,ター,0.862319
t_er,タ,0.072464
t_er,ルタル,0.007246
t_er,ル,0.028986
t_er,トル,0.028986
`sh_eh_n,レシェン,1.000000
`t_w_er_k,トワーク,1.000000
`g_ao_r,ゴア,0.500000
`g_ao_r,ゴー,0.500000
`p_ao_z,ポーズ,1.000000
`b_aa_k_s,ボックス,1.000000
`r_uw_f,ルーフ,1.000000
`g_r_ih_p,グリップ,1.000000
`s_ao_r_t,ソート,1.000000
`b_uh,ブッ,1.000000
p_er,ポ,0.020833
p_er,パー,0.937500
p_er,パ,0.041667
`b_ao_r_d,ボード,0.857143
`b_ao_r_d,ドボード,0.142857
`s_t_r_eh_p,ス,1.000000
`z_uw_m,ズーム,1.000000
`w_er_d,ワード,1.000000
`g_aa_l_f,ゴルフ,1.000000
f_ae_k,ファク,1.000000
d_ih,デ,0.555556
d_ih,ジ,0.074074
d_ih,ディ,0.370370
s_ax_m,サム,0.500000
s_ax_m,シム,0.500000
er,ヤ,0.147059
er,ガー,0.088235
er,ワー,0.352941
er,ヤー,0.117647
er,エ,0.029412
er,ワ,0.029412
er,アー,0.029412
er,ア,0.147059
er,ル,0.058824
g_ax_n_t,ガント,1.000000
`k_uh,クッ,1.000000
`k_ao_r_d,コード,1.000000
`k_l_ao,クロ,1.000000
s_t_ax_n_t,スタント,1.000000
`n_aa_l,ノール,1.000000
dh_er_z,ザー,1.000000
`ch_oy_s,ズチョイス,1.000000
`l_aa_n,イロン,0.400000
`l_aa_n,ロン,0.400000
`l_aa_n,ラン,0.200000
`l_aa,ロッ,0.176471
`l_aa,ラ,0.294118
`l_aa,ロ,0.529412
`b_ah_s,バス,1.000000
`s_t_ae_n_d,スタンド,0.666667
`s_t_ae_n_d,スタン,0.333333
`p_y_uh,ピュー,1.000000
`f_ay_t,ファイト,1.000000
`w_ao_r,ウ,0.500000
`w_ao_r,ワー,0.500000
t_ax_n,タン,0.318182
t_ax_n,トン,0.318182
t_ax_n,テン,0.181818
t_ax_n,チン,0.181818
`f_ao_r_m_d,フォームド,1.000000
`z_w_ey_r,ズウエア,1.000000
`g_aw_s,ガウス,1.000000
f_ax_k,フィック,1.000000
`p_ao_r,ポル,0.142857
`p_ao_r,ポー,0.857143
`r_ih_b_z,リブ,1.000000
aw_t,アウト,1.000000
`s_eh_k_t,セクト,1.000000
`m_ih,ミッ,0.111111
`m_ih,ミイ,0.027778
`m_ih,ミ,0.861111
l_ih,リ,1.000000
`w_er_k,ワーク,1.000000
`v_ae,バ,0.750000
`v_ae,バン,0.125000
`v_ae,ワ,0.125000
`f_ih_l,フィル,1.000000
`r_aa_n_t,トラン,1.000000
n_y_ax,ニュ,1.000000
`s_k_iy,スキー,1.000000
`g_uh_d_z,グッズ,1.000000
p_iy,ピ,0.526316
p_iy,ピー,0.473684
`s_p_ay_k,スパイク,1.000000
`s_iy_l,シール,1.000000
`l_ay_z,ライズ,1.000000
m_ax_k,ミック,0.750000
m_ax_k,モック,0.250000
`w_ao_l_t_s,ワルツ,1.000000
`l_ah_k,ラック,1.000000
`d_ae_n_s,ダンス,1.000000
sh_ax_n_z,ションズ,0.666667
sh_ax_n_z,ション,0.333333
`sh_ao_r_t,ショート,1.000000
`l_ae_s_t,ラスト,1.000000
sh_m_ax_n,レッシュマン,1.000000
`t_ey_l,テール,0.666667
`t_ey_l,テル,0.333333
`r_ow_l,ロール,1.000000
m_y_uw,ミュー,1.000000
n_aa_n,ノン,1.000000
`f_r_ey_n,フラン,0.500000
`f_r_ey_n,フレーン,0.500000
`p_eh_k,ペク,1.000000
`v_ae_n,バン,1.000000
`r_eh_t,レット,1.000000
`s_t_ih,ステ,0.666667
`s_t_ih,ステッ,0.333333
`y_uw,ユ,0.481481
`y_uw,ユー,0.296296
`y_uw,ウ,0.037037
s_aa,サ,1.000000
`r_ao_l,ロール,1.000000
`t_aa_r_d,タード,1.000000
`m_aw_n_d,マウンド,1.000000
k_l_ao,クロ,1.000000
`hh_ao_r_s,ホース,1.000000
`ch_aw,チャウ,1.000000
`t_aa_p,トップ,1.000000
`s_uw_p,スープ,1.000000
`d_w_er_k,ドワーク,1.000000
`sh_ae_ng,シャン,1.000000
`t_r_ah_ng_k,トランク,1.000000
`m_ah,マッ,0.100000
`m_ah,モ,0.100000
`m_ah,マ,0.700000
`b_iy_f,ビーフ,1.000000
s_t_ax_l,スタル,0.333333
s_t_ax_l,ステル,0.333333
s_t_ax_l,ストル,0.333333
g_y_ax,ギュ,1.000000
`l_ay_t_s,ライト,1.000000
`p_l_ae_t,プラット,1.000000
`k_l_ey_m,クレーム,1.000000
`jh_ow_k,ジョーク,1.000000
`s_k_ao_r,スコア,1.000000
`sh_ow_l,ショル,1.000000
t_iy,チ,0.051724
t_iy,ティ,0.051724
t_iy,ティー,0.862069
t_iy,テ,0.017241
s_k_ow,スコ,1.000000
`eh_s,プ,0.125000
`eh_s,エス,0.500000
`eh_s,ス,0.125000
`eh_s,ロ,0.125000
`m_er,マー,1.000000
`f_ao_r_s,ホース,0.500000
`f_ao_r_s,フォース,0.500000
`s_m_ae_ch,スマッチ,1.000000
`n_er_s,ナース,1.000000
`w_uh_l,ウール,1.000000
f_ax_k_t,フェクト,1.000000
`p_ih_k,ピック,0.500000
`p_ih_k,ピク,0.500000
t_ax_n_t,テント,0.500000
t_ax_n_t,タント,0.500000
`k_iy_p,キープ,1.000000
`m_eh_n,メン,1.000000
`p_w_ey,プウエー,1.000000
n_er,ナー,0.892857
n_er,ナ,0.107143
`z_uw_s,ゼウス,1.000000
`p_uh_l,プル,1.000000
d_ax_k_s,デックス,1.000000
`p_iy_z,リンピース,1.000000
`r_ae_m,ラム,0.500000
`r_ae_m,ラン,0.500000
`sh_ah,シャ,0.333333
`sh_ah,ショ,0.333333
`sh_ah,シャッ,0.333333
b_ay_n,ビン,1.000000
`w_ay_r,ワイヤ,1.000000
`k_ah_m,カン,0.200000
`k_ah_m,カム,0.400000
`k_ah_m,コン,0.400000
g_ax_n,ルガン,0.375000
g_ax_n,ガン,0.125000
g_ax_n,ラーゲン,0.125000
g_ax_n,ゴン,0.375000
`m_eh,マ,0.025000
`m_eh,メ,0.900000
`m_eh,メッ,0.075000
r_ey,レー,1.000000
`jh_ow,ジョー,1.000000
f_er_z,エハース,1.000000
`k_aa_r_t,カート,1.000000
`s_p_aa_r_k,スパーク,1.000000
`ch_ey_n,チェーン,1.000000
`s_ey_l,セール,1.000000
`m_uw_d,ムード,1.000000
`t_uh_r,ツアー,0.666667
`t_uh_r,トー,0.333333
`ch_aa_r,チャ,0.250000
`ch_aa_r,チャー,0.750000
s_ax,ゾ,0.029851
s_ax,ソ,0.253731
s_ax,シュ,0.014925
s_ax,ス,0.044776
s_ax,セ,0.104478
s_ax,キ,0.014925
s_ax,シ,0.328358
s_ax,サ,0.194030
n_ax_n,ニン,0.666667
n_ax_n,ネン,0.333333
`k_ey_f,カフェ,1.000000
`p_r_eh,プレッ,0.600000
`p_r_eh,プレ,0.400000
hh_er_t_s,ヘルツ,1.000000
`s_k_aa_ch,スコッチ,1.000000
`sh_uw_z,シューズ,1.000000
`k_uw_l,クール,1.000000
`l_eh_k,レキ,0.142857
`l_eh_k,レク,0.857143
`s_l_ih_p,スリップ,0.500000
`s_l_ih_p,スリッ,0.500000
d_r_ax,ドラ,0.666667
d_r_ax,ジュラ,0.333333
`d_ae_m,ダム,0.750000
`d_ae_m,ダン,0.250000
`t_ay_l,タイル,1.000000
`b_r_eh_d,ブレッド,1.000000
`k_l_ih,クリ,1.000000
`f_aa_r_m,ファーム,1.000000
`v_ih_r,ビア,1.000000
r_ih_n,セリン,1.000000
g_er,ガー,1.000000
f_ax_ng,フィン,1.000000
`b_l_ih,ブリ,1.000000
`p_ah_k,パック,1.000000
`aa_r_m,アーム,1.000000
er_d,ワード,1.000000
s_k_ax,スキ,0.333333
s_k_ax,スカ,0.666667
`oy,オイ,1.000000
`s_aw_n_d,サウンド,1.000000
`t_eh,タ,0.193548
`t_eh,テ,0.806452
`s_t_ey_jh,ステージ,1.000000
`l_ay_v,ライブ,1.000000
`s_ih_n,シン,1.000000
`hh_iy_l,ヒール,1.000000
`t_ae_ng_k,タンク,1.000000
l_ax_m,リメート,0.200000
l_ax_m,ラム,0.600000
l_ax_m,レム,0.200000
`t_er_n,ターン,1.000000
`k_aw_n_t,カウント,1.000000
`hh_eh_l,ヘル,1.000000
dh_ax_m,ズム,1.000000
b_l_er,ブラー,1.000000
p_l_ax_n,プリン,1.000000
`s_eh_l_f,セルフ,1.000000
`g_r_iy_n,グ,0.200000
`g_r_iy_n,グリーン,0.800000
`l_iy_s,リース,0.666667
`l_iy_s,リス,0.333333
m_ay,マイ,1.000000
`p_ae_l,パル,1.000000
f_ax_s,フィス,1.000000
`p_ey_v,ペーブ,1.000000
`sh_ey,シェー,0.666667
`sh_ey,シャー,0.333333
`f_iy,フェ,0.200000
`f_iy,フィー,0.600000
`f_iy,フィ,0.200000
v_ax_l,ベル,0.562500
v_ax_l,ル,0.062500
v_ax_l,バル,0.375000
`ch_ey_n_jh,チェンジ,1.000000
n_uw_t,ヌイット,1.000000
`m_iy_l,ミール,1.000000
`ah_l,ウル,1.000000
`n_ih_r,ニア,0.800000
`n_ih_r,ニール,0.200000
`t_er,タ,0.200000
`t_er,ター,0.800000
d_w_ax_ch,ドイッチ,1.000000
`f_r_ey_m,フレーム,1.000000
`sh_er_t,シャツ,1.000000
m_ow_s,モス,1.000000
`w_ey_v,ウェーブ,0.250000
`w_ey_v,ウエーブ,0.750000
`s_k_aa_r,スカー,1.000000
`l_eh_g,レッグ,1.000000
`g_r_ey_p,グレープ,1.000000
`hh_ah_z,ハズ,1.000000
`s_ih,オンム,0.022222
`s_ih,シ,0.955556
`s_ih,サ,0.022222
`sh_ih,シ,1.000000
`t_eh_n,テン,1.000000
`g_r_ae_m,グラム,1.000000
`l_aa_t,ロト,1.000000
`m_ay_l,マイル,1.000000
`hh_ae,ハン,0.285714
`hh_ae,ハッ,0.285714
`hh_ae,ハ,0.428571
ay,イアイ,0.200000
ay,アイ,0.400000
ay,イ,0.200000
`k_l_ae_s,クラス,1.000000
`f_ay,ファイ,1.000000
`v_er_s,バース,1.000000
`t_r_ay,トラ,0.200000
`t_r_ay,トライ,0.800000
`hh_uw,ズフー,1.000000
s_ax_jh,セージ,1.000000
`p_ey_s,ペース,1.000000
`s_k_uw_l,スクール,1.000000
`s_ah,サ,1.000000
s_ax_v,シブ,1.000000
`f_er_s_t,ファースト,1.000000
`ch_aa_r_jh,チャージ,1.000000
`g_ae_l,ガル,0.500000
`g_ae_l,ギャル,0.500000
r_iy,リ,0.532609
r_iy,レ,0.032609
r_iy,リー,0.423913
r_iy,レー,0.010870
`n_iy_k,ニーク,0.500000
`n_iy_k,ニック,0.500000
`ow_t,オート,1.000000
s_t_ih_k,スティック,0.500000
s_t_ih_k,イスチック,0.500000
`l_ow_m,ローム,1.000000
`s_ah_n,サン,1.000000
`t_uw_d,チュード,1.000000
`f_ay_n,ファイン,1.000000
jh_ax_n_s,ジェンス,1.000000
`s_l_iy,スリー,1.000000
`m_ey_l,メール,1.000000
`t_eh_s_k,テスク,1.000000
`w_aa_s_p,ワスプ,1.000000
`p_r_aa_p,プロップ,1.000000
`hh_ah_ng,ハン,1.000000
`n_eh_r,オネア,1.000000
`f_ae_k,ファク,1.000000
m_ax_s_t,ミスト,1.000000
r_ax_n_t,ラント,1.000000
`s_eh,セ,0.720000
`s_eh,セッ,0.240000
`s_eh,サ,0.040000
d_er_n,ダン,1.000000
`ch_aa_r_m,チャーム,1.000000
`p_eh_n_t,ペント,1.000000
`s_er_ch,サーチ,1.000000
`k_ey_d,ケード,1.000000
`s_m_ey,スメー,1.000000
k_ow_z,コス,1.000000
`jh_ah_ng_k,ジャンク,1.000000
`k_aa_s_t,コスト,1.000000
`s_p_iy_d,スピード,1.000000
`s_ae_ng_k,サンク,1.000000
`p_aa_t,ポット,1.000000
`r_aa_k,ロック,1.000000
t_r_ax_l,トラル,1.000000
`k_r_ow_m,クローム,1.000000
`k_r_uw_z,クルーズ,1.000000
`sh_iy_th,シース,1.000000
`f_r_ae_ng_k,フランク,1.000000
`th_ih,セオ,0.333333
`th_ih,シン,0.333333
`th_ih,テ,0.333333
`t_ih,ティ,0.500000
`t_ih,テ,0.166667
`t_ih,テー,0.166667
`t_ih,チ,0.166667
`ch_aa_p,チョップ,1.000000
`s_k_ih_p,スキップ,1.000000
`s_eh_n,セン,1.000000
`f_r_ih,フリ,1.000000
`l_ey_s,レース,1.000000
`s_t_ey_n,ステン,1.000000
`w_aa_t,ワット,1.000000
s_t_ey,ステイ,1.000000
ax_n_z,オンズ,1.000000
`s_er,サー,1.000000
g_ax_l_z,グルス,0.500000
g_ax_l_z,グル,0.500000
`aa_m,オム,1.000000
l_ow,ロ,0.500000
l_ow,エルオー,0.062500
l_ow,エロー,0.312500
l_ow,ロー,0.125000
`t_ah,タッ,0.500000
`t_ah,トン,0.500000
`n_ae,ナ,0.937500
`n_ae,ナッ,0.062500
d_ax,ド,0.185185
d_ax,ディーエー,0.037037
d_ax,デ,0.185185
d_ax,ダ,0.185185
d_ax,ジ,0.074074
d_ax,ディ,0.333333
`v_ae_m_p,バンプ,1.000000
s_ih_m,シン,1.000000
`m_ae_s,マス,1.000000
`l_uw_t,リュート,1.000000
`f_r_eh_n_d,フレンド,1.000000
jh_uw_l,ジュール,1.000000
m_e,メ,0.166667
m_e,ム,0.083333
m_e,モ,0.416667
m_e,マ,0.333333
`s_n_iy,スニー,1.000000
`r_ow_s_t,ロースト,1.000000
`p_r_ay_t,プライト,1.000000
`d_aa_k,ドク,0.666667
`d_aa_k,ドック,0.333333
`sh_ey_k,セーキ,1.000000
`z_ow_n,ゾン,0.400000
`z_ow_n,ゾーン,0.600000
`t_ae_ng,タン,1.000000
l_ih_f,ライフ,1.000000
`t_ah_ch,タッチ,1.000000
`k_l_ih_n_ch,クリンチ,1.000000
f_l_ax_t,フレット,1.000000
ch_e,チェ,0.200000
ch_e,チャ,0.200000
ch_e,チュ,0.600000
`m_aa_p,モップ,1.000000
`jh_aa,ジョッ,0.333333
`jh_aa,ジャ,0.166667
`jh_aa,ヨ,0.166667
`jh_aa,ジョ,0.333333
f_ih_k,フィック,1.000000
`t_ah_n,ツン,0.500000
`t_ah_n,トン,0.500000
`p_l_ay_n,プライン,1.000000
`t_r_ey_d,トレード,1.000000
t_ax_n_t_s,テンツ,1.000000
ao_f,オフ,1.000000
`ih_r,イ,1.000000
`t_ey_s_t,テイスト,1.000000
k_l_er,クラー,1.000000
`p_iy_s,ピース,1.000000
`s_k_aa_r_f,スカーフ,1.000000
eh_n,エン,1.000000
`f_ao,フォー,1.000000
l_ax,ロ,0.224490
l_ax,ラ,0.224490
l_ax,ロッ,0.020408
l_ax,ル,0.010204
l_ax,リ,0.357143
l_ax,リッ,0.020408
l_ax,レ,0.132653
`m_ao_l,モール,1.000000
v_ax_d,ビッド,1.000000
`n_ey_d,ナーデ,0.500000
`n_ey_d,ネード,0.500000
`y_aa_t,ヨット,1.000000
p_l_uw,プル,1.000000
`r_aw_n_d,ラウンド,1.000000
`ey_jh,エージ,0.500000
`ey_jh,エイジ,0.500000
s_t_r_iy,ストリ,0.666667
s_t_r_iy,ストリー,0.333333
`f_ow,フォ,0.500000
`f_ow,フォー,0.500000
d_ow,ド,0.375000
d_ow,ドー,0.625000
`th_r_iy,スリー,1.000000
`l_ih_p,リップ,1.000000
`p_uh_sh,プッシュ,1.000000
`k_eh_r,ケア,1.000000
`k_ih_ng,キング,1.000000
`k_ow_d,コード,1.000000
`r_ih_ch,リッチ,1.000000
`g_r_iy,グリー,1.000000
`v_aa_l,ボル,1.000000
`r_eh_s_k,レスク,1.000000
m_r_ax_l_d,メラルド,1.000000
`l_ae_k_s,ラックス,1.000000
`f_ih_l_m,フィルム,1.000000
`d_ah,ダッ,0.150000
`d_ah,ダ,0.800000
`d_ah,ド,0.050000
`l_ay_n_z,ラインズ,1.000000
g_l_ax_n,グラン,1.000000
`d_ah_n,ルダン,1.000000
`sh_ih_f_t,シフト,1.000000
d_ih_f,ジフ,1.000000
`ch_eh,チェ,0.166667
`ch_eh,チェック,0.166667
`ch_eh,チャ,0.333333
`ch_eh,チェッ,0.333333
`k_ah_l_t,カルト,1.000000
`k_r_ae_f_t,クラフト,1.000000
`p_ah_l_p,パルプ,1.000000
b_aa_n_d,ボンド,1.000000
`r_ih,リ,1.000000
f_e,フェ,0.333333
f_e,ファ,0.666667
`f_ow_n,ホン,0.857143
`f_ow_n,フォン,0.142857
`l_ao_s,ロス,1.000000
k_ax_n_d,コンド,0.333333
k_ax_n_d,カンド,0.666667
`ch_iy,セ,0.500000
`ch_iy,チ,0.500000
`hh_ae_t,ハット,1.000000
`s_k_ae_n,スキャン,1.000000
`p_l_iy_t_s,プリーツ,1.000000
`s_t_aa,ストッ,1.000000
`f_iy_l_d,フィールド,1.000000
`b_ae,バ,1.000000
`g_ey_m,ゲーム,1.000000
`d_ih_n,ダイン,1.000000
`hh_ah_m,ハム,1.000000
`k_r_ay_s_t,キリスト,1.000000
`sh_er,シェル,0.500000
`sh_er,シャー,0.500000
`k_ae,キャ,0.500000
`k_ae,カ,0.500000
`m_ae_n_s,マンス,1.000000
`d_eh_s_k,デスク,1.000000
`p_r_iy,プリ,0.500000
`p_r_iy,プレ,0.500000
`z_ey,ゼー,0.666667
`z_ey,イ,0.166667
`z_ey,イゼー,0.166667
`r_ah,ラ,0.250000
`r_ah,ロ,0.125000
`r_ah,ラン,0.625000
`ch_aa_r_l,チャール,1.000000
`k_ey_k,ケーキ,1.000000
`p_eh_p,ペプ,1.000000
`k_l_ey,クレー,1.000000
`jh_iy_p,ジープ,1.000000
`r_ah_n,ラン,1.000000
f_ax_s_t,フィスト,1.000000
`s_eh_p_t,セプト,1.000000
`r_aa_d,ロッド,1.000000
`s_p_aa_t,スポット,1.000000
p_r_uw_f,プルーフ,1.000000
ch_ax_l,ヘル,1.000000
`s_k_w_eh_r,スクエア,1.000000
`p_l_ah_s,プラス,1.000000
`k_l_ae_k,クラク,1.000000
`p_ah_f,パフ,1.000000
`ow_l,オー,1.000000
`d_ih,ディ,0.909091
`d_ih,デ,0.090909
`r_ae_ng,ラン,1.000000
`ey,ア,0.071429
`ey,エー,0.857143
`t_ow_s_t,トースト,1.000000
`k_ae_ch,キャッチ,1.000000
`f_ih_sh,フィッシュ,1.000000
`ae_d,アド,1.000000
`s_k_eh,スカ,0.500000
`s_k_eh,ス,0.500000
`b_ay_k,バイク,1.000000
`k_l_aa,クロ,0.666667
`k_l_aa,ク,0.333333
`d_r_ay,ドライ,1.000000
k_l_ih,クリ,1.000000
`r_ae_ng_k,ランク,1.000000
`r_eh,レ,0.896552
`r_eh,ラ,0.034483
`r_eh,レッ,0.034483
`r_eh,ル,0.034483
`r_ae_z,ラズ,1.000000
`hh_ih_p,ヒッ,1.000000
`hh_eh_l_th,ヘルス,1.000000
`z_ay,ザイ,1.000000
`z_ay_n,ザインイン,0.250000
`z_ay_n,ザイン,0.750000
`s_l_ae_ng,スラング,1.000000
`l_ae_n_d,ランド,1.000000
sh_m_ax_n_t,リッシュメント,1.000000
`r_aa_k_n,ロッ,1.000000
s_l_ax_ng,スリング,1.000000
`p_aa_r_k,パーク,1.000000
`n_iy_d,ニード,1.000000
`m_ih_t,ミット,1.000000
k_aa_z,コス,1.000000
`v_ae_t,バット,1.000000
`r_eh_n,レン,1.000000
k_w_ax_l,コール,1.000000
r_er,ラー,0.800000
r_er,ロル,0.200000
`r_ih_s_k,リスク,1.000000
`s_t_ey,スタ,0.333333
`s_t_ey,ステー,0.666667
`jh_eh_s,ジェス,0.666667
`jh_eh_s,ゼス,0.333333
`s_k_er_t,スカート,1.000000
`th_r_aa,スロッ,1.000000
`aa_s,オーエス,1.000000
`g_l_ay,グ,0.250000
`g_l_ay,グライ,0.750000
b_l_ih_k,ブリック,1.000000
`s_t_r_ay,ストライ,1.000000
`s_t_r_ih,ストリッ,1.000000
sh_ae_n,シャン,1.000000
z_ax_l,ゼル,0.200000
z_ax_l,ズル,0.800000
s_t_er,ステル,0.041667
s_t_er,スター,0.958333
s_ih,セ,0.250000
s_ih,シ,0.625000
s_ih,サ,0.125000
d_ax_m,ダム,0.833333
d_ax_m,デム,0.166667
`th_er,サー,1.000000
`g_r_aw_n_d,グラウンド,0.800000
`g_r_aw_n_d,グランド,0.200000
n_ih_n,ニン,1.000000
`b_l_aw,ブロー,1.000000
sh_ax_ng,シング,1.000000
`z_iy_n,ムジン,0.250000
`z_iy_n,サイン,0.250000
`z_iy_n,ジン,0.500000
b_ax_n_d,バンド,1.000000
`t_r_uw_m,ティールーム,1.000000
`d_eh,デッ,0.090909
`d_eh,デ,0.909091
`s_p_r_ey,スプレー,1.000000
`r_ah_s_k,ラスク,1.000000
`w_ih_p,ホイップ,1.000000
`d_eh_n,デン,1.000000
`ch_eh_k,チッキ,0.250000
`ch_eh_k,チェック,0.750000
`f_l_ow,フロー,1.000000
jh_ax_s,ジャス,1.000000
`w_ae_k_s,ワックス,1.000000
`b_ih_z,ビジ,1.000000
`t_r_iy_t,トリート,1.000000
r_ax_n,ロン,0.125000
r_ax_n,リン,0.500000
r_ax_n,ラン,0.250000
r_ax_n,レン,0.125000
`d_ih_s_k,ディスク,1.000000
f_ay,ファイ,1.000000
`eh_k_s,クス,0.250000
`eh_k_s,エックス,0.500000
`eh_k_s,エッ,0.250000
`b_eh_l_t,ベルト,1.000000
`z_iy,ゼット,0.333333
`z_iy,ジ,0.333333
`z_iy,ゼ,0.333333
v_aa_d,ボード,1.000000
`d_er,ダー,1.000000
`hh_ae_n_d,ハンド,1.000000
l_y_uw_m,リューム,1.000000
s_p_ax_l,スペル,1.000000
`t_r_ah_k,トロッコ,0.500000
`t_r_ah_k,トラック,0.500000
`l_ih_f,リフ,1.000000
`m_ey,メ,0.166667
`m_ey,メー,0.444444
`m_ey,マ,0.388889
`k_r_ih_s,クリ,1.000000
f_aw_n,ファウン,0.500000
f_aw_n,ファン,0.500000
`m_ae_k,マキ,1.000000
z_ax_r,サー,1.000000
`t_oy,トイ,1.000000
`f_ey_l,フェイル,1.000000
`k_r_eh_m,クレム,1.000000
`s_p_r_ih_n_t,スプリント,1.000000
r_ax_s_t,リスト,1.000000
m_ax_n_t,メント,1.000000
`s_ao_t,ソテー,1.000000
p_ax_s_t_s,ピスト,1.000000
`s_p_l_ey,スプレー,1.000000
`g_l_aa,グロ,1.000000
t_iy_z,ティー,1.000000
`l_ih_n_ch,リンチ,1.000000
`ch_ih,シ,0.250000
`ch_ih,チ,0.750000
l_ax_n_s,レンス,0.333333
l_ax_n_s,イランス,0.333333
l_ax_n_s,ランス,0.333333
`hh_ow_s_t,ホスト,1.000000
`w_ih_ng_k,ウインク,1.000000
n_ih_s_t,ニスト,1.000000
b_ao_r_g,ボーグ,1.000000
`w_iy_k,ウイーク,1.000000
`d_r_aa,ドラ,0.666667
`d_r_aa,ド,0.333333
`s_ao_r_s,ソース,1.000000
`k_l_ay,クライ,1.000000
`s_t_iy_l,スチール,1.000000
v_oy_s,ボイス,1.000000
`g_ih_r,ギア,0.750000
`g_ih_r,ギヤ,0.250000
`s_aa_m,サン,0.500000
`s_aa_m,ソム,0.500000
jh_ao_r,ジョーゼッ,1.000000
ax_k,イック,0.500000
ax_k,ヤック,0.250000
ax_k,ク,0.250000
k_ih,ヒ,1.000000
p_l_ax_k_s,プレックエス,0.250000
p_l_ax_k_s,プレックス,0.500000
p_l_ax_k_s,プレッインスインイン,0.250000
`p_ih_ng_k,ピンク,1.000000
`l_ih_ng,リン,1.000000
`p_iy_k,ピーク,1.000000
`m_ey_n,メーン,0.750000
`m_ey_n,メン,0.125000
`m_ey_n,メイン,0.125000
`l_ae_n,ラン,1.000000
s_t_e,ス,0.600000
s_t_e,ステ,0.400000
`sh_r_ih_m_p,シュリンプ,1.000000
`s_t_r_ay_k,ストライク,0.250000
`s_t_r_ay_k,ストライキ,0.750000
`th_e,サ,1.000000
`k_w_eh_s_t,クエスト,1.000000
r_e,ロ,1.000000
`t_ae_g,タグ,0.333333
`t_ae_g,タッグ,0.666667
p_ow_t,ポート,1.000000
`r_ay_t,ライト,1.000000
`d_r_eh_s,ドレス,1.000000
`k_ah_p,カップ,0.750000
`k_ah_p,クアップ,0.250000
`p_ah_ng_k,パンク,1.000000
`r_ae_p,ラップ,0.500000
`r_ae_p,ラプ,0.500000
s_m_ax_n,マン,0.250000
s_m_ax_n,ポーツマン,0.750000
`s_l_ae_b,スラブ,1.000000
`p_ah_b,パブ,1.000000
k_l_ax_ng,クリング,1.000000
`sh_iy_t,シート,1.000000
zh_ax_w,ジュ,1.000000
`s_l_aa_t,スロット,1.000000
`hh_uh_k,ホック,0.500000
`hh_uh_k,フック,0.500000
p_iy_z,ペス,1.000000
`hh_aa_t,ホット,1.000000
k_r_ax_t,クレット,1.000000
`v_oy_s,ボイス,1.000000
`l_ah_n_ch,ランチ,1.000000
d_ax_l,ドル,0.470588
d_ax_l,ダル,0.235294
d_ax_l,デル,0.294118
z_ax_m,ズム,1.000000
`z_er_t,ザート,1.000000
`l_eh_z,レス,1.000000
`g_ah_t_s,ガッツ,1.000000
`l_ae,ラッ,0.142857
`l_ae,ラ,0.857143
`k_l_ow_k,クローク,1.000000
r_ih_ng,リング,1.000000
`t_eh_l,テル,1.000000
f_ax_n,フン,0.200000
f_ax_n,フォン,0.200000
f_ax_n,ホン,0.200000
f_ax_n,フィン,0.400000
n_y_ax_n,ニオン,1.000000
k_l_iy,イークリー,1.000000
s_er_t,サート,1.000000
`w_ae,ワ,1.000000
`p_ah_n_ch,ポンチ,0.400000
`p_ah_n_ch,パンチ,0.600000
`k_r_iy,カリ,1.000000
`s_l_ey_t,スレート,1.000000
`l_ih_r,リア,1.000000
p_r_ax_s,ピルス,1.000000
`r_ey_t,ムレート,0.500000
`r_ey_t,レート,0.500000
l_ax_d,リッド,0.500000
l_ax_d,ラダ,0.500000
`m_iy_n,ミン,1.000000
t_ax_k,ティック,0.363636
t_ax_k,チック,0.545455
t_ax_k,テク,0.090909
v_ax,ビ,0.083333
v_ax,ベロ,0.083333
v_ax,バ,0.500000
v_ax,ブ,0.083333
v_ax,ベ,0.250000
`b_ae_n_d,バンド,1.000000
`p_ae,パッ,0.290323
`p_ae,ペー,0.032258
`p_ae,パ,0.677419
`p_oy_n_t,ポイント,1.000000
l_ax_p,リープ,0.333333
l_ax_p,ロップ,0.666667
`p_ae_n,パン,1.000000
`v_eh_k,ベクト,1.000000
t_r_aa_m,ト,1.000000
`k_y_uw_t,キュート,1.000000
s_ax_z,ラス,1.000000
`f_iy_l,フィール,0.500000
`f_iy_l,フィル,0.500000
`z_ao_r_t,ゾート,1.000000
`hh_ih_n_t,ヒント,1.000000
`s_p_ae_ng,スパン,1.000000
`d_aw_n,ダウン,1.000000
`hh_uh,フッ,1.000000
`m_iy,ミ,0.222222
`m_iy,メー,0.111111
`m_iy,ミー,0.111111
`m_iy,メ,0.555556
`p_l_ey,プレー,1.000000
s_t_ax_m,ステム,0.833333
s_t_ax_m,スタム,0.083333
s_t_ax_m,オンオンオンラオンイン,0.083333
`jh_ah_m,ジャン,1.000000
`sh_aa_p,ショップ,1.000000
`f_eh_k_t,フェクト,1.000000
`jh_ih_s,ジス,1.000000
`d_uw_s,デュース,0.500000
`d_uw_s,ジュース,0.500000
`p_ae_ch,パッチ,1.000000
`aa_n,オン,0.750000
`aa_n,ポン,0.083333
`aa_n,アン,0.083333
`aa_n,ヨン,0.083333
`s_ih_l,シル,1.000000
n_ax_ng,ニング,1.000000
g_ax_t,ゲット,0.500000
g_ax_t,ガー,0.250000
g_ax_t,ゲート,0.250000
f_ae_n,ファン,1.000000
`y_ow_k,ヨーク,1.000000
s_ax_n_d,ゾンデ,1.000000
`hh_aa_r_t,ハート,1.000000
`m_ay,マイ,0.800000
`m_ay,ミ,0.200000
`f_ay_l,ファイル,0.666667
`f_ay_l,フィール,0.333333
`ch_ae_m_p,チャンプ,1.000000
`w_ih_ng,ウイング,0.500000
`w_ih_ng,ウイン,0.500000
`n_oy_z,ノイズ,1.000000
`w_eh_r,ウエア,1.000000
`n_ay_s,ナイス,1.000000
`eh_n_t,エント,1.000000
k,ケッ,1.000000
`n_ow_m,ノーム,1.000000
`s_k_ah,スカッ,1.000000
`s_ah_l,スル,0.250000
`s_ah_l,サル,0.750000
`d_ey_t,デート,1.000000
g_ax_ng,ギング,1.000000
`l_ih_ng_k,リンク,1.000000
f_er,フォ,0.250000
f_er,ファー,0.750000
n_ax_t,ナッツ,0.222222
n_ax_t,ネート,0.222222
n_ax_t,ネット,0.444444
n_ax_t,ニット,0.111111
`g_ae,ガ,0.555556
`g_ae,ギャ,0.444444
`p_eh_r,ペア,1.000000
`p_ih_ng,ピン,1.000000
`l_iy_k,リーク,1.000000
`g_ae_n,ガン,1.000000
`s_t_ay,スタイ,0.333333
`s_t_ay,スチ,0.666667
t_r_ax_s,トレス,1.000000
s_ao_l,ソル,1.000000
`t_r_aa_n,トロン,1.000000
p_ax_k,ポック,0.500000
p_ax_k,ピック,0.500000
`w_ih_n_ch,ウインチ,1.000000
`s_aa_n_s,サンス,1.000000
`f_l_ey_k,フレーク,1.000000
n_er_z,ナー,1.000000
ih_n,イン,0.952381
ih_n,エン,0.047619
m_iy,ミ,0.500000
m_iy,レ,0.100000
m_iy,ミー,0.400000
`f_l_ae,フラン,1.000000
`n_aa_t,ノット,0.500000
`n_aa_t,ナ,0.500000
`p_ih_n_ch,ピンチ,1.000000
`s_k_uw_p,スクープ,1.000000
`p_aa_p_s,ポップス,1.000000
`n_eh_p,ネ,1.000000
`s_p_ao_r,スポー,1.000000
s_t_ax_d,ステッド,1.000000
f_iy,フィー,0.571429
f_iy,フィ,0.142857
f_iy,ヒー,0.285714
ch_er,チャー,0.823529
ch_er,チュア,0.176471
`hh_ih_l,ヒル,1.000000
k_r_ax,クロ,0.600000
k_r_ax,クレ,0.100000
k_r_ax,クラ,0.200000
k_r_ax,コラ,0.100000
`hh_aa,ホ,0.800000
`hh_aa,ホッ,0.200000
`t_r_ae_k,トラック,0.666667
`t_r_ae_k,トラク,0.333333
`y_ah_ng,ヤング,0.666667
`y_ah_ng,ヤン,0.333333
`t_r_ey,トラ,0.100000
`t_r_ey,トレー,0.900000
`l_iy_d,リード,1.000000
th_er,サー,1.000000
`f_ih_t,フィット,1.000000
jh_ax_k,ジック,1.000000
`s_k_ow,スコ,1.000000
k_y_er,キュア,1.000000
m_er,マー,0.937500
m_er,ア,0.062500
`s_iy_t,シート,1.000000
`m_aa_b,モブ,0.500000
`m_aa_b,モッブ,0.500000
`ih,イ,0.933333
`k_r_ao_s,クロス,1.000000
`sh_eh,シェ,1.000000
`r_aa_m,ロン,0.500000
`r_aa_m,ロム,0.500000
`s_k_r_ih_p,スクリプ,1.000000
g_ey_l,チンゲール,1.000000
`t_aw,タ,0.500000
`t_aw,タオ,0.500000
`p_ey_d,ペイ,1.000000
`n_ey_m,ネーム,1.000000
jh_uh_l,ケジュール,1.000000
t_eh_k,テク,1.000000
`s_ay_t,サイト,1.000000
`k_l_ow_s,クロス,0.666667
`k_l_ow_s,クローズ,0.333333
`s_e,シ,1.000000
v_ow,ボ,1.000000
`d_eh_l,デル,1.000000
d_ax_d,デッド,1.000000
`t_eh_k_s,テックス,1.000000
`k_l_ih_f_t,クリフト,1.000000
`ay_s,アイス,1.000000
`jh_ae_k,ジャッキ,0.200000
`jh_ae_k,ジャック,0.800000
`jh_ah_ng,ジャン,1.000000
m_ax_n,モン,0.281250
m_ax_n,ミン,0.062500
m_ax_n,マン,0.625000
m_ax_n,メン,0.031250
r_ax_s,ルス,0.285714
r_ax_s,ラス,0.714286
k_ax_k_s,キックス,1.000000
`s_aa_s,エスオーエス,1.000000
`jh_uw_k,ジューク,1.000000
`p_l_ae_z,プラズ,1.000000
`t_aw_n,タウン,1.000000
`m_aa_r,マー,0.916667
`m_aa_r,マ,0.083333
`s_t_uw_m,スチューム,1.000000
`b_aa_t,ボット,1.000000
b_l_ax_m,ブレム,1.000000
`s_p_iy,スピー,1.000000
z_ax,チ,0.111111
z_ax,ジ,0.555556
z_ax,ザ,0.333333
`m_ow,モー,0.629630
`m_ow,モ,0.370370
r_ih_k,リック,1.000000
`f_ao_l,フォール,1.000000
`s_m_ow_k,スモーク,1.000000
`w_ay_d,ワイド,1.000000
`m_ao,モ,1.000000
p_ax_t,ペット,1.000000
`b_ey_s,ベース,1.000000
`f_ow_l,ホル,0.500000
`f_ow_l,フォル,0.500000
`s_m_ae_sh,スマッシュ,1.000000
`r_oy,ロー,0.166667
`r_oy,ロイ,0.833333
`th_r_ih,スリ,1.000000
p_ax_k_t,パクト,1.000000
`d_ih_ng_k_s,ディンクス,1.000000
m_aa_n,モン,1.000000
k_r_ow,クロ,1.000000
n_y_uw,ニュ,0.500000
n_y_uw,ニュー,0.500000
`s_k_ay_r,スキーヤー,1.000000
p_r_ay,プライ,1.000000
t_ax_ng,ティング,0.956522
`v_aa,ボ,0.750000
`v_aa,バ,0.250000
`k_ey_s,ケース,1.000000
`v_ow_l_t,ボルト,1.000000
`d_ah_l,ダル,1.000000
p_er_z,パー,0.333333
p_er_z,パース,0.333333
p_er_z,パ,0.333333
`m_eh_sh,メッシュ,1.000000
`jh_ae,ジャ,1.000000
`v_aa_n,バン,1.000000
`sh_aa_r_p,シャープ,1.000000
`m_ay_l_d,マイルド,1.000000
b_l_oy_d,ブロイド,1.000000
k_ao,コー,1.000000
`p_l_ey_n,プレーン,1.000000
`r_uw_m,ルーム,1.000000
k_ax_jh,ケージ,1.000000
m_y_ax,ミュ,1.000000
`th_eh,セ,1.000000
`jh_uw,ジュエ,0.142857
`jh_uw,ユ,0.142857
`jh_uw,ジュー,0.285714
`jh_uw,ジュ,0.285714
`jh_uw,ジェー,0.142857
`s_m_aa_g,スモッグ,1.000000
aa_r,アー,1.000000
`l_ey_d,レード,1.000000
`th_iy,シ,1.000000
`s_l_ah_m,スラム,1.000000
`p_uh_t,プット,1.000000
n_ax_k,ニック,1.000000
s_p_ax_s,スピス,1.000000
`m_ow_n,モン,1.000000
`n_ah_p,ナップ,0.500000
`n_ah_p,インアップ,0.500000
`l_aa_jh,ロッジ,1.000000
`t_ae_p,タップ,1.000000
`g_l_ae_s,グラス,1.000000
`t_ay_t,タイト,1.000000
`t_w_ih_s_t,ツイスト,1.000000
`b_ah_g,バッグ,1.000000
`s_w_eh,セー,1.000000
`g_ay_d,ガイド,1.000000
th_ax_n,タン,1.000000
ch_ax_n,チン,0.142857
ch_ax_n,セン,0.142857
ch_ax_n,スチャン,0.285714
ch_ax_n,チョン,0.285714
ch_ax_n,スチョン,0.142857
`s_t_r_ah_k,ストラク,1.000000
`m_aa_ng,モン,1.000000
`s_aw,サ,1.000000
m_eh_n_t,メント,1.000000
ch_ax,チュ,0.500000
ch_ax,チャ,0.500000
`s_w_ih_ch,スイッチ,1.000000
`t_r_aa,トロ,1.000000
th_ax,セ,0.125000
th_ax,ソ,0.125000
th_ax,シ,0.125000
th_ax,サ,0.250000
th_ax,タ,0.250000
th_ax,エ,0.125000
d_ax_n_s,デンス,0.500000
d_ax_n_s,ダンス,0.500000
p_ax_ng,ピング,1.000000
`s_eh_k_s,セックス,1.000000
`p_r_aa_m_p,プロンプ,1.000000
`f_l_ey_k_s,フレークス,1.000000
uw,ムー,1.000000
b_r_ax,ブラ,0.250000
b_r_ax,ボラ,0.500000
b_r_ax,ブレー,0.250000
`f_l_uw_t,フルート,1.000000
`s_t_r_ao,ストロ,0.500000
`s_t_r_ao,ストロー,0.500000
`p_er,パー,0.909091
`p_er,ペ,0.090909
r_ax_ng_z,ヤリング,1.000000
`s_k_ih_d,スキッド,1.000000
d_iy,ド,0.021739
d_iy,ディー,0.282609
d_iy,デ,0.152174
d_iy,ジイ,0.021739
d_iy,ダイ,0.021739
d_iy,ジ,0.260870
d_iy,ディ,0.239130
`l_ah,ラ,0.333333
`l_ah,ラッ,0.666667
l_er,ラー,0.913043
l_er,ル,0.021739
l_er,ア,0.021739
l_er,ラ,0.043478
`k_r_aa,クロ,1.000000
`sh_aa,ショッ,0.833333
`sh_aa,カ,0.166667
`m_ih_k,ミキ,1.000000
`w_er,ウー,0.250000
`w_er,ワー,0.750000
`p_eh_n,ペン,1.000000
`f_uh,フッ,1.000000
ax,ユー,0.015385
ax,イ,0.015385
ax,ア,0.523077
ax,アイエー,0.015385
ax,アッ,0.030769
ax,オ,0.230769
ax,ヒ,0.046154
ax,エ,0.076923
ax,ヤ,0.015385
`v_ey,ベー,0.571429
`v_ey,ベ,0.428571
`s_m_ey_t,スメート,1.000000
k_ax_ng,キング,1.000000
`hh_eh,ハ,0.100000
`hh_eh,ヘッ,0.200000
`hh_eh,ハー,0.100000
`hh_eh,ヒ,0.200000
`hh_eh,ヘ,0.400000
`l_ae_ng,ラン,1.000000
`k_ae_p,キャップ,0.666667
`k_ae_p,カプ,0.333333
`ae_th,アス,1.000000
`s_eh_n_t,セント,1.000000
`ow_d,オード,1.000000
t_ax_jh,テージ,0.800000
t_ax_jh,ジュ,0.200000
`d_ao_s,ドス,1.000000
`p_eh,ペ,0.514286
`p_eh,ペッ,0.085714
`p_eh,パ,0.400000
t_ax_v,クターブ,1.000000
`p_ae_z,パーズ,1.000000
`t_w_ih_n,ツイン,1.000000
`t_ae_l,タル,1.000000
`f_ey_n_t,フェイント,1.000000
`s_iy_v,シーブ,1.000000
`l_ah_n,ラン,1.000000
`k_eh_n_d,イークエンド,1.000000
`d_ay_m,ダイム,1.000000
`hh_iy,ヘ,0.600000
`hh_iy,ヒー,0.400000
`ch_ae_t,チャット,1.000000
`t_ah_g,タグ,1.000000
n_ih_ng_z,ニング,1.000000
`w_eh,ウエ,1.000000
`g_er,ガー,1.000000
`y_uw_th,ユース,1.000000
`m_ae_s_t,マスト,1.000000
`s_p_eh_r,スペア,1.000000
l_ax_n,ラン,0.153846
l_ax_n,リン,0.384615
l_ax_n,ロン,0.307692
l_ax_n,レン,0.153846
`b_iy_t,トビート,1.000000
`t_r_ae_m,トラン,1.000000
k_er_z,カー,1.000000
t_r_ax_k,トリック,1.000000
`b_r_aw,ブロー,1.000000
p_ao,ウスポー,1.000000
`d_aa_r_k,ダーク,1.000000
`s_p_ah_n_jh,スポンジ,1.000000
`l_ih_n,リン,1.000000
`hh_ow_l_d,ホールド,1.000000
`s_k_r_ae_m,スクラン,1.000000
p_ao_r_t,ポート,1.000000
r_aa,ラ,1.000000
`b_r_ay_d,ライド,1.000000
`f_y_uw_z,ヒューズ,1.000000
`p_r_ay,プライ,1.000000
`l_ih,リ,0.973684
`l_ih,レ,0.026316
`d_ah_p,ドアップ,1.000000
`s_k_ow_p,スコープ,1.000000
`g_eh,ゲッ,0.666667
`g_eh,ギャ,0.333333
`s_k_w_aa_sh,スカッシュ,1.000000
v_e,バ,0.428571
v_e,ベ,0.142857
v_e,ボ,0.142857
v_e,バー,0.285714
`p_l_ae_n_t,プラント,1.000000
k_ax_t,ケート,0.095238
k_ax_t,キット,0.095238
k_ax_t,ケッ,0.047619
k_ax_t,ケット,0.714286
k_ax_t,ト,0.047619
`ey_s,エース,1.000000
`s_k_r_ow_l,スクロール,1.000000
`n_oy,ノイ,1.000000
m_ax_l,マル,0.833333
m_ax_l,メル,0.166667
`p_ih,ピン,0.062500
`p_ih,ピッ,0.312500
`p_ih,ピ,0.625000
`g_ae_ng,ギャング,1.000000
`s_uw_t,スーツ,1.000000
`g_aa_d,ゴッド,1.000000
s_ih_n,プトマイシン,1.000000
t_r_ax,トロ,0.285714
t_r_ax,チロ,0.142857
t_r_ax,トラ,0.571429
`g_ah_n,ガン,1.000000
r_ih_t_s,レーツ,1.000000
`g_r_ey_d,グレード,1.000000
b_ax_t,ベット,1.000000
`k_aw_n,カウン,1.000000
l_y_ax,リ,1.000000
`w_ih,ホイッ,0.250000
`w_ih,ウイ,0.750000
`s_w_er_d,スワード,1.000000
`b_oy_l_d,ボイルド,1.000000
`s_ey_v,セーブ,1.000000
p_ax_k_s,ピック,1.000000
s_t_aa,スト,1.000000
n_ih,ネ,1.000000
`ch_ih_p,チップ,1.000000
`s_ae_l,サル,1.000000
`k_l_ow_z_d,クローズド,1.000000
`p_ey_jh,ページ,1.000000
`l_uw_d,リュード,1.000000
`s_p_ao_r_t_s,スポーツ,1.000000
r_ax,ア,0.013333
r_ax,ル,0.013333
r_ax,リ,0.320000
r_ax,レ,0.173333
r_ax,ロ,0.093333
r_ax,ラ,0.386667
`s_p_eh_k,スペク,1.000000
`k_aw,カウ,1.000000
`w_ih_n,ウイン,1.000000
`t_r_ae_ng,トラン,1.000000
`p_ih_ch,ピッチ,1.000000
z_ax_s,エス,1.000000
`v_iy,ブ,0.100000
`v_iy,ブイ,0.500000
`v_iy,ビー,0.100000
`v_iy,ビッ,0.100000
`v_iy,ビ,0.200000
`aa,オ,0.714286
`aa,ア,0.142857
`aa,アー,0.142857
v_ay,バイ,1.000000
`t_eh_n_t,テント,1.000000
`p_ih_n,ピン,1.000000
`s_k_ae_t,スキャット,1.000000
`hh_aa_r_p,ハープ,1.000000
`p_aw_n_d,パウンド,0.666667
`p_aw_n_d,ポンド,0.333333
v_ih_ng,ビング,1.000000
`ey_ch,エッチ,0.166667
`ey_ch,エイチ,0.833333
`jh_ih,ジ,1.000000
`t_r_ih_k,トリック,1.000000
`s_ih_g,シグ,1.000000
`eh_ng,エヌジー,1.000000
`r_ah_f,ラフ,1.000000
`w_ah_n,ワン,1.000000
`g_ih,ギ,1.000000
`w_ey_s_t,ウエスト,1.000000
`d_r_ay_v,ドライブ,1.000000
`l_ae_b,ラブ,1.000000
`l_eh,レ,0.750000
`l_eh,レン,0.083333
`l_eh,レッ,0.125000
`l_eh,ラ,0.041667
`sh_aa_k,ショック,1.000000
`p_aa_d,ポッド,1.000000
`jh_ih_g,ジグ,1.000000
`m_ih_l_k,ミルク,1.000000
`p_ey_s_t,ペースト,1.000000
`p_ah_n,パン,1.000000
`jh_ey,ジェー,1.000000
`v_ay,ビー,0.083333
`v_ay,ビ,0.166667
`v_ay,バイ,0.666667
`v_ay,ウイ,0.083333
`s_p_aa_n,スポン,1.000000
`g_ey_jh,ゲージ,1.000000
`jh_ah_jh,ジャッジ,1.000000
d_ax_n_t,ダント,1.000000
`v_eh_s_t,ベスト,1.000000
`l_ih_s_k,リスク,1.000000
`s_t_r_eh,ストレッ,1.000000
p_r_ax,プロ,0.789474
p_r_ax,プラ,0.105263
p_r_ax,ペラ,0.105263
`t_r_eh_n_ch,トレンチ,1.000000
`k_ey_t,ケート,1.000000
`p_ah,パ,1.000000
t_ax_k_s,ティックス,0.500000
t_ax_k_s,ティック,0.500000
ih_m,イン,1.000000
`b_r_ey,ブレー,1.000000
b_ax_ng,ビング,1.000000
`k_r_ae_k,クラック,1.000000
s_t_ax_k_s,スティックス,1.000000
`b_ey_t,ベート,1.000000
`n_ow_t,ノート,1.000000
g_ih,ギ,1.000000
`k_r_ey,クレー,0.666667
`k_r_ey,クレ,0.333333
n_ao,ノ,1.000000
`m_aa_s_k,モスク,1.000000
`s_l_ae_sh,スラッシュ,1.000000
hh_ow,ホ,1.000000
n_ax_jh,ネージ,1.000000
`s_eh_f,セフ,1.000000
`k_r_aa_n,クロン,1.000000
`ih_n_ch,インチ,1.000000
sh_ax_l,シャル,0.875000
sh_ax_l,シアル,0.125000
`m_uw,ムー,1.000000
`n_eh_k_s,ネックス,1.000000
`p_aa_k,ポック,1.000000
`g_ow_s_t,ゴースト,1.000000
`s_k_ah_ng_k,スコンク,1.000000
m_ax_n_s,マンス,1.000000
k_w_ow,クォー,1.000000
`k_ih_d_z,キッズ,1.000000
b_ih_s,バス,1.000000
`s_iy_m,シーム,1.000000
jh_ih_s_t,ジスト,1.000000
`s_l_iy_v,スリーブ,1.000000
p_ao_r,ポル,1.000000
`r_eh_n_t,レンタ,1.000000
`r_ay_s,ライス,1.000000
`th_ae_ng_k_s,サンクス,1.000000
`s_er_f,サーフ,1.000000
`g_r_ay_n,グライン,1.000000
`jh_ah_s_t,ジャスト,1.000000
l_ax_n_t,レント,1.000000
`m_uw_n,ネムーン,1.000000
k_y_uw,キュ,1.000000
s_p_r_ax_n_t,スプリント,1.000000
`m_aw_s,マウス,1.000000
ax_d,オド,1.000000
`m_aa_r_ch,マーチ,1.000000
`s_t_ey_t,ステート,1.000000
`n_aw,ナウ,1.000000
`ih_n,イン,1.000000
`s_p_iy_ch,スピーチ,1.000000
`hh_ah_n,ハン,1.000000
`k_aa_m,コン,1.000000
`y_ah,ヤッ,1.000000
`s_ae_k_s,サックス,1.000000
`k_ao_r_s,コース,1.000000
`ch_ae,カ,0.200000
`ch_ae,チャン,0.200000
`ch_ae,チャ,0.600000
`s_l_ay,スライ,1.000000
`hh_iy_t,ヒート,1.000000
`k_r_aw_n,クラウン,1.000000
`k_er_l,カール,1.000000
`ch_uw,チュー,1.000000
`g_r_ow_s,グロス,1.000000
`ae_n_d,アンド,0.800000
`ae_n_d,エンド,0.200000
s_p_ow,スポ,0.500000
s_p_ow,キスポ,0.500000
g_r_ow,グロ,1.000000
`p_ow_s_t,ポスト,1.000000
v_ax_s,ス,0.090909
v_ax_s,ビス,0.909091
`d_aa_t,ドット,0.250000
`n_ae_f,ナフ,1.000000
`f_r_ih_l,フリル,1.000000
`t_ah_f,タフ,1.000000
`d_ay_s,ダイス,1.000000
r_ow,ラ,0.071429
r_ow,ロ,0.714286
r_ow,ロー,0.214286
`s_ao_s,ソース,1.000000
`f_eh_n_s,フェンス,1.000000
`v_aa_r,ルバル,1.000000
`k_ow_t,コート,1.000000
g_ax_jh,ゲージ,1.000000
jh_ax_s_t,ジェスト,1.000000
`jh_er_k,ジャーク,1.000000
`f_l_ow_t,フロート,1.000000
f_ax_l,フル,0.857143
f_ax_l,フィル,0.142857
`f_ah_m,ハン,0.500000
`f_ah_m,ファン,0.500000
`w_er_l_d,ワールド,1.000000
`d_r_aa_p,ドロップ,1.000000
`s_p_r_ao_l,スプロール,1.000000
`sh_aa_t,ショット,1.000000
`b_eh_l,ベル,1.000000
`t_r_iy,ツリー,1.000000
`l_ih_f_t,リフト,1.000000
`b_ow_t,ボート,1.000000
`n_ey_t,ネート,1.000000
f_r_ax_n,フロン,1.000000
`z_er_v,ザーブ,1.000000
`m_ao_r,モア,0.166667
`m_ao_r,モー,0.500000
`m_ao_r,モ,0.333333
`s_t_r_ey,ストレー,1.000000
`m_eh_d,メド,1.000000
`d_ow_m,ドーム,1.000000
`m_aa,モ,0.821429
`m_aa,マ,0.142857
`m_aa,モッ,0.035714
s_ax_g,サ,1.000000
`b_aw_n_d_z,バウンズ,1.000000
`r_uw_t,ルート,1.000000
t_r_ae_n,トラン,1.000000
`y_eh,イ,1.000000
`s_t_ah_n_t,スタント,1.000000
`t_iy_m,チーム,1.000000
`m_ao_l_t,モルト,1.000000
`s_t_aw_t,スタウト,1.000000
n_y_er,ニア,0.666667
n_y_er,アール,0.333333
`d_r_ow_b,ドローブ,1.000000
ax_n_t,アント,1.000000
k_w_ax,キ,1.000000
d_ax_n,デン,0.833333
d_ax_n,ドン,0.166667
`v_ow,ボー,1.000000
p_r_ax_t,パレート,1.000000
`k_ah_l,カル,1.000000
`s_w_ih,イスイ,0.333333
`s_w_ih,スイ,0.666667
`b_eh_d_z,ベッド,1.000000
`hh_ow_m,ホーム,1.000000
`r_ah_g,ラグ,1.000000
`g_ih_l_d,ギルド,1.000000
`hh_aa_p,ホップ,1.000000
`r_ae_l,ラール,1.000000
p_l_ax_ng,プリング,1.000000
`jh_er,ジャー,1.000000
`t_r_aa_ch,トローチ,1.000000
r_ax_m,ラム,0.500000
r_ax_m,レム,0.500000
`sh_uh,シュ,1.000000
m_ax_th,モス,1.000000
th_ax_ng,シング,1.000000
`g_l_ow_b,グローブ,1.000000
`n_ae_p,ナプ,1.000000
`hh_ay_t_s,ハイツ,1.000000
`m_ah_d,マド,1.000000
`f_l_ae_p,フラップ,1.000000
k_ow_t,コート,1.000000
`s_k_uw,スクー,0.500000
`s_k_uw,スキュー,0.500000
ch_ax_ng,チング,1.000000
`m_aa_n,モンター,0.500000
`m_aa_n,モン,0.500000
`n_ay_t,ナイト,1.000000
`b_ae_g,バッグ,1.000000
l_iy,レ,0.030303
l_iy,リ,0.303030
l_iy,レー,0.121212
l_iy,リー,0.545455
d_er,ダ,0.037037
d_er,ダー,0.962963
`hh_e,ハ,1.000000
`f_uw_d_z,フーズ,1.000000
ch_ih_ng,チング,1.000000
n_ax_k_s,ニクス,0.666667
n_ax_k_s,ニックス,0.333333
p_ih,ピ,0.666667
p_ih,ピコッ,0.333333
s_p_ax,スパ,1.000000
`t_ae_k_s,タックス,1.000000
g_r_ax,グラ,1.000000
`l_eh_f_t,レフト,1.000000
`s_k_ae_l,スカル,1.000000
`k_oy_n,コイン,1.000000
`m_ih_d,ミッド,1.000000
`b_uh_k,ブック,1.000000
`y_iy_s_t,イースト,1.000000
`th_ay_m,タイム,1.000000
`g_ih_f_t,ギフト,1.000000
`t_ih_p,チップ,1.000000
ao_r,オー,1.000000
`jh_uw_s,ジュース,1.000000
t_ey_n,クタン,1.000000
`t_ay_m,イムタイム,0.040000
`t_ay_m,タイム,0.960000
`s_eh_p,セプ,1.000000
`s_p_aa,スパー,1.000000
jh_iy,ジー,1.000000
`r_ey_s,レース,1.000000
`s_t_r_eh_s,ストレス,1.000000
t_r_ax_t,タロット,0.500000
t_r_ax_t,トレート,0.500000
`p_y_uw,ピュー,1.000000
`zh_aa_n,ジャン,1.000000
ih_g,エ,1.000000
`k_oy,コイ,1.000000
g_y_er,ギュア,1.000000
`t_ao_s,トス,1.000000
l_oy_d,ロイド,1.000000
hh_aa_r,ハー,1.000000
`ao,オ,1.000000
`l_aa_k,ロック,1.000000
`b_oy,ボーイ,1.000000
`k_r_ey_n,クレーン,1.000000
`s_ae_n_d,サンド,1.000000
`s_t_aa_p,ストップ,1.000000
`aw_t,アウト,1.000000
`p_ih_l,ピル,1.000000
k_ax_l_z,クルス,1.000000
m_ae,マ,1.000000
ch_ih_f,カチーフ,1.000000
`l_aw_n_jh,ラウンジ,1.000000
`s_p_ow_k,スポーク,0.500000
`s_p_ow_k,スポークス,0.500000
`k_l_iy_n,クリーン,1.000000
`ch_aa,コ,1.000000
eh_g,エ,1.000000
`w_ih_l,ウイル,1.000000
`k_r_iy_t,クリート,1.000000
r_ax_l,レル,0.076923
r_ax_l,ラル,0.769231
r_ax_l,ロル,0.076923
r_ax_l,ル,0.076923
`n_uw_d,ヌード,1.000000
`s_ae_n,サン,1.000000
`s_ae,サッ,0.066667
`s_ae,サ,0.800000
`s_ae,サー,0.133333
`k_y_uw,キュー,0.888889
`k_y_uw,キュ,0.111111
`g_ae_g,ギャグ,1.000000
`ch_ay_z,チャイズ,1.000000
`s_m_ay_l,スマイル,1.000000
`jh_ih_ng_k_s,ジンクス,1.000000
z_ax_n,ゼン,0.142857
z_ax_n,ズン,0.428571
z_ax_n,ジン,0.428571
`sh_uw_t,シュート,1.000000
d_e,ダ,0.285714
d_e,デュ,0.142857
d_e,デ,0.285714
d_e,ディ,0.285714
`p_l_ey_t,プレート,1.000000
`p_r_ih_n_t,プリント,1.000000
`ao_r,オル,0.071429
`ao_r,オ,0.214286
`ao_r,オール,0.071429
`ao_r,オー,0.500000
`d_r_ao_r_z,ズロース,1.000000
`b_ih_l_d,ビルド,1.000000
m_ax,メー,0.021978
m_ax,メ,0.087912
m_ax,マッ,0.010989
m_ax,モ,0.098901
m_ax,マ,0.483516
m_ax,ミ,0.285714
`s_p_ay,スパイ,1.000000
f_iy_n,ルヒネ,1.000000
`sh_ae_f_t,シャフト,1.000000
`n_eh_n,ネン,1.000000
`k_l_ih_r,クリア,1.000000
`r_iy_d,リード,1.000000
`hh_er,ハー,0.600000
`hh_er,ヘル,0.400000
`l_eh_l,レル,1.000000
`sh_m_eh,シュマ,1.000000
r_uw,ラ,0.200000
r_uw,ルー,0.600000
r_uw,ル,0.200000
d_er_d,タンダード,1.000000
`k_l_ao_z,クロース,1.000000
ax_b,オブ,1.000000
`t_ih_r,ティア,1.000000
`hh_ih_t,ヒット,1.000000
`n_er,ネル,0.500000
`n_er,ナーバ,0.500000
`g_r_ae_s,グラス,1.000000
v_iy,ウ,0.200000
v_iy,ビー,0.800000
`s_ih_ng,シン,1.000000
s_iy_z,チス,1.000000
`f_r_uw_t,フルーツ,1.000000
`f_r_ae_n,フラン,1.000000
`ay,アイ,0.962963
`ay,イ,0.037037
`s_t_ih_k,スティック,0.750000
`s_t_ih_k,ステッキ,0.250000
`s_t_aa_r_t,スタート,1.000000
`l_aa_m,ロメート,1.000000
`s_ow_d,ソード,1.000000
`v_uh_r,ラビア,1.000000
`hh_eh_r_d_r,ヘ,1.000000
z_er,ザー,1.000000
`n_eh,ネッ,0.400000
`n_eh,ネ,0.300000
`n_eh,ナ,0.300000
d_ax_s_t,ディスト,1.000000
`er_th,アース,1.000000
t_r_ax_n_s,トランス,1.000000
`f_l_ae_t,フラット,1.000000
ch_ax_f,カチーフ,1.000000
`s_n_aa,スノ,1.000000
`p_er_l,パール,1.000000
`s_n_ae_k,スナック,1.000000
`l_ae_g,ラグ,1.000000
`sh_ih_p,シップ,1.000000
s_t_r_ax,ストラ,0.500000
s_t_r_ax,ストル,0.250000
s_t_r_ax,ストロ,0.250000
`s_ih_ng_k,シンク,1.000000
`s_l_ih_m,スリム,1.000000
`t_ae_n,タン,1.000000
`k_ao_s_t,コースト,1.000000
`f_uh_l,フル,1.000000
ch_ax_p,チャップ,1.000000
`v_ey_l,ベール,1.000000
`s_t_r_aa_n,ストロン,1.000000
`d_r_ow_m,ドローム,1.000000
`t_ah_ng,ツン,0.333333
`t_ah_ng,タン,0.333333
`t_ah_ng,タング,0.333333
`f_ih_k,フィク,1.000000
`sh_ey_p,シェイ,1.000000
sh_r_uw_m,シュルーム,1.000000
n_ax_sh,ニッシュ,1.000000
`eh_n_d,エンド,1.000000
`s_l_ay_d,スライド,1.000000
`ch_ay_l_d,チャイルド,1.000000
p_ax_z,パス,1.000000
`s_t_r_ay_d,ストライド,1.000000
`t_ae,タ,0.846154
`t_ae,タン,0.076923
`t_ae,タッ,0.076923
`n_ah,ナッ,0.666667
`n_ah,ナ,0.333333
`t_ey_k,テーク,1.000000
`k_l_ih_k,クリック,1.000000
`t_r_ah_m,トラン,1.000000
`f_r_ey_z,フレーズ,1.000000
`jh_eh_t,ト,0.250000
`jh_eh_t,ジェット,0.750000
`w_eh_l,ウエルカ,0.500000
`w_eh_l,ウエ,0.500000
m_aa,マ,1.000000
`g_er_l,ガール,1.000000
`s_k_ae_s_t,スキャスト,1.000000
`f_ae_s_t,ファースト,0.500000
`f_ae_s_t,ファスト,0.500000
`l_oy,ロイ,1.000000
l_ax_s,レス,0.636364
l_ax_s,リス,0.363636
`b_aa_k,ボク,1.000000
`s_k_ao,スコア,1.000000
`d_aa_jh,ドッジ,1.000000
`v_ae_s,レバス,1.000000
`ch_aa_k,チョーク,1.000000
`m_ih_s,ミ,0.400000
`m_ih_s,ミス,0.600000
s_t_ax_n,ストン,0.666667
s_t_ax_n,ステン,0.333333
`z_aa,ザ,0.333333
`z_aa,キゾ,0.666667
`k_aa_k,カク,0.600000
`k_aa_k,コック,0.400000
`p_l_aa_t,プロット,1.000000
`f_r_eh,フ,1.000000
`n_ih,ニッ,0.200000
`n_ih,ニ,0.750000
`n_ih,ニー,0.050000
s_ax_k,シック,0.333333
s_ax_k,サック,0.333333
s_ax_k,サク,0.333333
y_uh,ユー,1.000000
`s_ah_b,サブ,1.000000
`g_ow_t,ゴート,1.000000
`s_l_aa,スロー,1.000000
`r_ey_d,レード,1.000000
`aa_k,オキ,0.500000
`aa_k,オ,0.500000
ax_s_t,イスト,1.000000
b_ax_l_z,バル,0.500000
b_ax_l_z,ブルス,0.500000
r_ax_b_z,リブ,1.000000
`s_k_ih_n,スキン,1.000000
`m_y_uw_z,ミューズ,1.000000
d_ay,ダイ,1.000000
`l_uh_k,ルック,1.000000
`k_w_aa_r_k,クオーク,1.000000
`hh_uw_p,フープ,1.000000
`s_p_ey_d,スペード,1.000000
`n_eh_s_k,ネスク,1.000000
`s_k_r_ih_p_t,スクリプト,1.000000
`l_oy_n,ロイン,1.000000
`s_t_aa_r_ch,スターチ,1.000000
`hh_aa_r_d,ハード,1.000000
r_ax_p,ロップ,1.000000
d_ax_s,ダ,0.500000
d_ax_s,デス,0.500000
`f_ao_l_t,フォールト,1.000000
`jh_eh_k,ジェク,1.000000
`l_ay_t,ライト,0.923077
`l_ay_t,ルライト,0.076923
l_eh_s,レス,1.000000
`y_eh_l,エール,1.000000
d_r_iy,ドリー,1.000000
`p_l_ah_m,プラム,1.000000
`sh_eh_l,シェル,1.000000
`f_aa,ファ,0.400000
`f_aa,ファー,0.200000
`f_aa,フォ,0.400000
`l_ae_p,ラップ,1.000000
`k_l_iy,クリー,1.000000
`s_t_ay_l,スタイル,1.000000
`m_eh_n_z,メンズ,1.000000
`r_ae_n,ラン,1.000000
`d_r_ae_f_t,ドラフト,1.000000
s_k_iy,スキー,0.600000
s_k_iy,ロツ,0.400000
`v_eh_t,ヘット,1.000000
`s_l_ae_k_s,スラックス,1.000000
`d_ah_l_t,ダルト,1.000000
`v_ow_l,ボル,1.000000
`g_aw_n,ガウン,1.000000
`k_ah_n,カン,1.000000
l_ih_ng,リング,1.000000
`k_ah,キュー,0.045455
`k_ah,カッ,0.181818
`k_ah,カン,0.045455
`k_ah,カ,0.681818
`k_ah,コ,0.045455
`hh_ih,ヒー,0.111111
`hh_ih,ヒッ,0.555556
`hh_ih,ヒ,0.333333
`m_eh_m,メン,1.000000
`p_ae_n_t_s,パンツ,1.000000
`r_ae,ラ,0.928571
`r_ae,ラッ,0.071429
`ae_ng,イアン,1.000000
`s_ay_d,サイド,1.000000
`d_r_ey_l,ドレール,1.000000
`b_ah,バ,1.000000
`eh_l,エル,1.000000
`t_ao_k,トーク,1.000000
`f_aa_n,フォン,0.500000
`f_aa_n,ホン,0.500000
`w_ey_t,ウエート,1.000000
m_ax_m,マム,1.000000
`hh_er_t,ルト,1.000000
`p_r_ey,プレ,1.000000
`p_r_ae_k,プラク,1.000000
`s_ey_l_z,セールス,1.000000
`k_w_ih_l,キル,1.000000
`v_er_t,バート,1.000000
`hh_ey,ヘイ,0.500000
`hh_ey,ハ,0.500000
`p_y_uh_r,ピューレ,0.500000
`p_y_uh_r,ピュア,0.500000
`s_t_eh_m,ステン,1.000000
`s_m_aa_r_t,スマート,1.000000
`s_iy_d,シード,1.000000
l_ih_t,レット,1.000000
`s_w_eh_t,スウェット,1.000000
`w_ih_n_d,ウインド,1.000000
`p_aw_ch,ポーチ,1.000000
ow_m,オ,1.000000
`k_ih,キッ,0.181818
`k_ih,キ,0.727273
`k_ih,カイ,0.090909
`m_ih_n_s,ミンチ,0.500000
`m_ih_n_s,メンチ,0.500000
`n_aa_k,ノク,0.333333
`n_aa_k,ノック,0.666667
`ih_m,イン,1.000000
z_ax_n_t,ゼント,1.000000
`ch_ay_m,チャイム,1.000000
`d_ae_n,ダン,1.000000
`ch_eh_s,チェス,1.000000
`ah_p,アップ,0.857143
`ah_p,プアップ,0.071429
`ah_p,プ,0.071429
`aa_r_ch,アーチ,1.000000
`sh_ae,シャー,0.200000
`sh_ae,シャ,0.800000
`b_ih,ジビ,0.166667
`b_ih,ビ,0.833333
`p_aw,パ,0.500000
`p_aw,パウ,0.500000
`d_r_ah_m,ドラム,1.000000
sh_er,シャー,1.000000
`g_ey_t,ゲート,1.000000
`r_ow_d,ロード,1.000000
`l_ah_k_s,ラックス,1.000000
`r_ih_ng,リング,0.500000
`r_ih_ng,リンゲ,0.500000
`r_eh_r,レア,1.000000
`d_ae,ダ,1.000000
`k_oy_l,コイル,1.000000
`t_r_aa_t,ト,0.666667
`t_r_aa_t,トロット,0.333333
k_ih_n,キン,1.000000
s_ih_s_t,シスト,1.000000
`k_l_ao_r,クロロ,0.500000
`k_l_ao_r,クロア,0.500000
`g_r_ey,グレー,1.000000
`aa_r,アー,0.555556
`aa_r,アール,0.222222
`ch_iy_p,チープ,1.000000
r_ax_n_s,レンス,0.500000
r_ax_n_s,アランス,0.500000
`r_ih_z,リス,1.000000
`p_r_ay_d,プライド,1.000000
`g_r_aa,グ,1.000000
s_ax_t,サット,0.500000
s_ax_t,セット,0.500000
`p_iy_t,ピザ,0.333333
`p_iy_t,ピート,0.666667
`uh,ラ,1.000000
`g_uh_d,グッド,1.000000
`v_ae_m,バンパ,1.000000
`r_ih_ng_k,リンク,1.000000
sh_ax,シャ,0.166667
sh_ax,シ,0.055556
sh_ax,ショ,0.722222
v_er,ベ,0.029412
v_er,バー,0.941176
v_er,バ,0.029412
`f_r_aa_k,フロック,1.000000
l_er_d,ラード,1.000000
`l_uw_s,ルーズ,1.000000
`f_uw_n,フーン,1.000000
`p_r_eh_s,プレス,1.000000
`s_t_ao_r,ストア,0.750000
`s_t_ao_r,スストア,0.250000
`s_t_ao_r_m,ストーム,1.000000
`d_ah_b,ダブリュー,1.000000
`ch_ae_n_s,チャンス,1.000000
`p_r_ih_m,パーイン,1.000000
`p_ao_r_k,ポーク,1.000000
jh_ax_k_t,ジェクト,1.000000
`k_r_ay,クライ,1.000000
`l_eh_k_s,レックス,1.000000
`g_ae_p,ギャップ,1.000000
sh_ax_n,シャン,0.016807
sh_ax_n,シ,0.008403
sh_ax_n,ション,0.974790
l_ax_s_t,リスト,1.000000
`s_p_r_ih_ng,スプリング,0.750000
`s_p_r_ih_ng,スプリン,0.250000
`s_t_ey_n_d,ステンド,1.000000
z_iy,ジ,0.100000
z_iy,ジーイ,0.100000
z_iy,ジー,0.600000
z_iy,シ,0.200000
`r_ao_l_z,オール,1.000000
`m_ae_t,マット,1.000000
t_ax_sh,ティッシュ,1.000000
`s_p_r_ih_n,スプリン,1.000000
n_ao_l,ノール,1.000000
`s_k_eh_ch,スケッチ,1.000000
`k_l_ah_b,クラブ,1.000000
`l_ey_t,レート,1.000000
`eh_th,エス,1.000000
`jh_eh,ゼ,0.692308
`jh_eh,ジェ,0.230769
`jh_eh,ゲ,0.076923
`ch_aa_r_t,チャート,1.000000
`p_r_aa,プロ,0.900000
`p_r_aa,プラ,0.100000
`k_er,カー,0.800000
`k_er,カーソ,0.200000
v_ax_n,ブン,1.000000
f_ax,フ,0.111111
f_ax,フィ,0.222222
f_ax,ファー,0.111111
f_ax,ファ,0.222222
f_ax,フェ,0.222222
f_ax,フォ,0.111111
`k_ae_n_th,カンス,1.000000
k_y_uh,キュ,1.000000
`w_uh_d,ウッド,1.000000
s_t_ae_g,スタグ,1.000000
`jh_iy,ジー,0.333333
`jh_iy,ジーエ,0.333333
`jh_iy,イ,0.333333
`r_eh_n_ch,レンチ,1.000000
`ao_f,オフ,1.000000
s_ax_ng,ス,0.100000
s_ax_ng,シング,0.900000
`k_eh,カ,0.111111
`k_eh,キャ,0.111111
`k_eh,ケン,0.111111
`k_eh,ケ,0.666667
l_e,ラ,0.666667
l_e,レ,0.333333
`l_ae_f,ラフ,1.000000
`b_er_n,バーン,1.000000
d_ih_k,ディク,1.000000
`s_k_ih,スキッ,1.000000
`k_r_ae_sh,クラッシュ,1.000000
`b_eh,ベ,1.000000
`m_aa_r_t,マート,1.000000
`w_ay_t,ホワイト,1.000000
`f_ao_r,フォ,0.083333
`f_ao_r,フォー,0.750000
`f_ao_r,フォア,0.166667
`b_ae_ng_k,バンク,1.000000
m_ow,モー,0.666667
m_ow,モザ,0.333333
jh_ax_n,ゲン,0.111111
jh_ax_n,ジェン,0.111111
jh_ax_n,ジン,0.777778
`p_ow,ポ,0.857143
`p_ow,ポー,0.142857
s_r_iy,サリー,1.000000
`s_l_ae_p,スラプ,1.000000
s_ax_s,シス,0.625000
s_ax_s,サス,0.250000
s_ax_s,セス,0.125000
l_y_uw,リュー,1.000000
m_ax_t_s,ミット,1.000000
`f_ih_f,フィフ,1.000000
`n_ah_t,ナット,0.285714
`n_ah_t,ナツ,0.285714
`n_ah_t,ナッツ,0.428571
b_iy,ビ,0.272727
b_iy,ビー,0.727273
`s_t_aa_k,ストック,1.000000
`m_ay_d,マイド,1.000000
`t_ay_p,タイプ,1.000000
`w_ao,ウオー,0.833333
`w_ao,ウォー,0.166667
l_ax_k,リック,1.000000
`k_r_uw,クルー,1.000000
`eh_k,エク,0.555556
`eh_k,エ,0.333333
`eh_k,エキ,0.111111
n_ax_l,ニール,0.034483
n_ax_l,ナル,0.655172
n_ax_l,ネル,0.275862
`g_r_ae_n_d,グラン,0.250000
`g_r_ae_n_d,グランド,0.750000
`ch_iy_f,チーフ,1.000000
g_l_ax_sh,グリッシュ,1.000000
`w_ay_l_d,ワイルド,0.666667
`w_ay_l_d,ワイル,0.333333
zh_e,ジェ,1.000000
m_ih,ミーイ,0.200000
m_ih,ミ,0.800000
`s_aa_l,ゾル,1.000000
`iy,イ,0.041667
`iy,エ,0.250000
`iy,イーイ,0.041667
`iy,イー,0.625000
jh_ax,ジア,0.062500
jh_ax,エ,0.062500
jh_ax,ジャ,0.125000
jh_ax,ジ,0.750000
`t_uw_l,ツール,1.000000
`k_l_ae,クラ,1.000000
g_ax_l,グル,1.000000
`g_ow,ゴー,0.666667
`g_ow,ゴ,0.333333
`jh_ay,ジャイ,1.000000
`n_ah_k_l,ナックル,1.000000
`t_eh_n_s,テンス,1.000000
`r_uw_zh,ルージュ,1.000000
`g_ao,ゴ,1.000000
`p_ae_d,パッド,1.000000
`t_ah_m,タンブ,0.500000
`t_ah_m,タン,0.500000
`f_r_iy,フリー,1.000000
dh_er_n,ザン,1.000000
`s_p_l_ih_t,スプリット,1.000000
p_ax_d,ピッド,1.000000
`y_aa_r_n,ヤン,0.500000
`y_aa_r_n,ヤーン,0.500000
`hh_er_t_s,ヘルツ,1.000000
`hh_ow_l,ホール,0.625000
`hh_ow_l,ホル,0.375000
`k_iy_l,キール,1.000000
`eh_f,エフ,0.888889
m_r_ax_t,メリット,1.000000
dh_er,ザー,0.857143
dh_er,ター,0.142857
`k_l_ao_th,クロース,0.200000
`k_l_ao_th,クロス,0.800000
`v_y_uw,ビュー,1.000000
`b_iy_l,ビル,1.000000
`sh_ey_d,シェード,1.000000
`hh_ae_ng,ハン,0.666667
`hh_ae_ng,ハング,0.333333
`t_r_ih_l,トリル,1.000000
`n_ih_t,ニット,1.000000
`d_aa_r_t_s,ダーツ,1.000000
`s_t_uw_l,スツール,1.000000
f_ax_k_s,フィックス,1.000000
`k_l_eh_n,クレン,1.000000
l_eh_t,ムレツ,1.000000
`t_eh_m,テン,1.000000
`s_w_eh_r_z,スウエア,1.000000
d_ax_t,レジット,1.000000
`n_ae_n_s,イナンス,1.000000
`s_n_ae_p,スナップ,1.000000
`d_aa_k_s,ドックス,1.000000
`ih_s_t,キスト,1.000000
`b_ae_s,ベース,1.000000
ow,エ,0.055556
ow,オ,0.944444
t_ax_n_s,テンス,1.000000
dh_ax,ジ,0.500000
dh_ax,ザ,0.500000
`s_l_ih,スリッ,1.000000
z_l_ax_n,スリン,1.000000
`s_aw_th,サ,1.000000
`z_ih_g,ジ,1.000000
d_er_z,イダー,0.333333
d_er_z,ダー,0.666667
`s_ey_f,セーフ,1.000000
`g_l_ow,グロー,0.750000
`g_l_ow,グ,0.250000
`t_er_m,ターム,1.000000
`k_l_ih_p,クリップ,1.000000
`r_uh,ルー,1.000000
`t_r_ah,トラ,1.000000
`g_aa_r,ガー,1.000000
`s_ih_m,シンボ,0.250000
`s_ih_m,シン,0.750000
`f_l_ae_sh,フラッシュ,1.000000
`p_aa_z,ポス,1.000000
`eh_m_z,ミズ,1.000000
`hh_ah,ハ,0.666667
`hh_ah,ハッ,0.166667
`hh_ah,ホ,0.166667
`f_l_ow_k,フ,1.000000
`k_aa_p,コプ,1.000000
`p_ao_r_ch,ポーチ,1.000000
`hh_ao_r_n,ホーン,1.000000
`p_r_ih_n,プリン,1.000000
eh,エッ,1.000000
`k_l_aa_k,クロック,1.000000
`r_ow_p,ロープ,1.000000
`f_r_ih_s,フリス,1.000000
jh_er,ジャー,1.000000
`hh_uw_z,フー,1.000000
`s_p_uw_n,スプーン,1.000000
`m_ey_d,メード,0.833333
`m_ey_d,マード,0.166667
`n_ao_l,ノール,1.000000
`l_ao_n,ローン,0.500000
`l_ao_n,ラン,0.500000
`n_eh_t,ネット,1.000000
`r_aa_k_s,ロック,1.000000
`s_eh_n_s,センス,1.000000
`r_aa_zh,レージ,1.000000
`k_aa_r_d,カード,0.777778
`k_aa_r_d,ドカード,0.222222
`t_ey_p,テープ,1.000000
`s_ah_m,サム,1.000000
`l_ow_n,ローン,1.000000
`v_ae_l_v,バルブ,1.000000
k_r_ih,ク,1.000000
`r_ae_m_p,ランプ,1.000000
`l_ow,ロー,0.615385
`l_ow,ロ,0.384615
`s_t_ey_k,ステーク,0.500000
`s_t_ey_k,ステーキ,0.500000
`s_t_aa_r,スター,1.000000
d_ax_ng,ディング,1.000000
`l_ao,ロー,0.750000
`l_ao,ロ,0.250000
`s_t_ae_n_s,スタンス,1.000000
`s_t_ae,スス,0.400000
`s_t_ae,スタ,0.600000
hh_y_uw,ヒュー,1.000000
`d_uh,ド,1.000000
`s_l_aa_m,スラム,1.000000
`f_ae_k_s,ファックス,1.000000
`p_aa_r,パー,1.000000
`ch_eh_r,チェア,1.000000
`f_l_ay,フライ,1.000000
th_ax_k,シック,1.000000
k_iy,ケー,0.153846
k_iy,キー,0.846154
f_r_ax,フラ,1.000000
t_ax_l,トル,0.466667
t_ax_l,ツル,0.033333
t_ax_l,タル,0.500000
`d_ao_g,ドッグ,1.000000
`w_iy_n,ウィーン,1.000000
`g_ay,ガイ,1.000000
`hh_ae_ch,ハッチ,1.000000
l_y_ax_n,リアン,0.500000
l_y_ax_n,リオン,0.500000
`m_ey_k,メーキャッ,0.500000
`m_ey_k,メーク,0.500000
`er_b,ハーブ,1.000000
t_r_ax_n,トリン,0.250000
t_r_ax_n,トロン,0.750000
`th_aa_n,ソン,1.000000
`ah_m,アン,1.000000
`m_ae,マン,0.060606
`m_ae,マッ,0.060606
`m_ae,マ,0.878788
`s_er_v,サーブ,1.000000
`v_ih,ビ,1.000000
`t_ae_k_t,タクト,1.000000
`v_ih_n,ビン,1.000000
`p_w_aa_ch,プウオッチ,1.000000
`g_ow_l_d,ゴールド,1.000000
`m_ae_n,マン,1.000000
l_ax_ng,リング,1.000000
`p_er_jh,パージ,1.000000
`jh_aa_r,ジャー,1.000000
`n_iy_d_z,ニーズ,1.000000
`k_r_ae_t,クラート,1.000000
s_e,セ,0.750000
s_e,リ,0.250000
`n_aa_p,ノプ,1.000000
`p_iy,ピー,0.869565
`p_iy,プ,0.043478
`s_ao_f,ソフ,1.000000
k_er,カー,0.925000
k_er,チャー,0.025000
`l_ih_s_t,リスト,1.000000
`m_ah_ng,モン,1.000000
`t_uh,ツー,1.000000
`m_ae_ch,マッチ,1.000000
z_ax_g,グザグ,1.000000
th_ax_d,ソッド,1.000000
`g_eh_s_t,ゲスト,1.000000
f_ao_r,ファー,0.500000
f_ao_r,フォー,0.500000
`w_iy,ウ,0.666667
`w_iy,ウイ,0.333333
`s_m_aa_k,スモック,1.000000
`t_aa_zh,タージュ,1.000000
`r_oy_d,テロイド,1.000000
`k_ao_l,コール,1.000000
`s_eh_s,セス,1.000000
b_y_ax,ブ,1.000000
`p_ay,パイ,1.000000
`t_r_ao_l,トロール,1.000000
l_ax_t,ロット,0.555556
l_ax_t,レット,0.444444
`r_ey_p,レイプ,1.000000
`jh_ih_n,ジン,1.000000
`w_er_s_t,ワースト,1.000000
`k_ow_l,コール,1.000000
`v_aa_d,ウオツ,0.500000
`v_aa_d,ボードビ,0.500000
`b_ao_l,ボール,1.000000
`m_ow_d,モード,1.000000
`ch_ow,チョー,1.000000
`t_r_ow,トロー,0.666667
`t_r_ow,トロ,0.333333
`s_t_eh,ステ,1.000000
`w_ay,ワイ,1.000000
`b_ow_l,ボウル,0.500000
`b_ow_l,ボール,0.500000
`s_p_oy_l,スポイル,1.000000
l_ax_k_t,レクト,1.000000
`n_ey_l,ネイル,1.000000
`t_ow_p,トープ,1.000000
`hh_ae_f,ハーフ,1.000000
`l_ey_n,レーン,1.000000
`f_ey_s,フェース,1.000000
`l_ey,レー,0.681818
`l_ey,レ,0.136364
`l_ey,レイ,0.090909
`l_ey,ラ,0.045455
`l_ey,ライ,0.045455
`s_aa_n_d,ゾンデ,1.000000
`s_k_ey,スカ,0.333333
`s_k_ey,スケー,0.666667
d_iy_z,ルディーズ,1.000000
`w_ay_n,ワイン,1.000000
m_ax_k_s,ミックス,1.000000
`g_iy,ギ,1.000000
`g_r_iy_s,グリース,1.000000
k_ax_n,コン,0.900000
k_ax_n,カン,0.025000
k_ax_n,イン,0.025000
k_ax_n,キン,0.050000
l_er_z,ラー,0.500000
l_er_z,ラーズ,0.500000
s_ax_s_t,キシスト,1.000000
w_er_d,ワード,1.000000
sh_ae_m,シャン,1.000000
`d_aa_l,ドル,1.000000
`d_r_ah,ドラ,1.000000
p_ax_l,プル,0.818182
p_ax_l,ペル,0.090909
p_ax_l,パール,0.090909
`p_eh_s_t,ペスト,1.000000
`t_ih_s,ティッシュ,1.000000
`r_ih_n_s,リンス,1.000000
`p_ay_n,パイン,1.000000
`s_t_ih_ch,ステッチ,1.000000
hh_ih,ヒ,1.000000
`p_ey,ペー,0.750000
`p_ey,パ,0.150000
`p_ey,ペ,0.050000
`p_ey,ペイ,0.050000
`k_ah_t,カット,1.000000
b_ax_n,ボン,0.200000
b_ax_n,ロビン,0.200000
b_ax_n,バン,0.600000
`g_aw_t,グアウト,1.000000
`f_ow_m,フォーム,1.000000
ch_uw,チュ,0.666667
ch_uw,チャ,0.333333
`s_ey_n_t,セント,1.000000
`k_l_eh,クラ,1.000000
`p_ae_k,パック,1.000000
`v_eh_n,ベン,1.000000
`f_aa_r_s,ファース,1.000000
`s_k_w_ao_l,スコール,1.000000
`s_l_ah_m_p,スランプ,1.000000
v_ey,バ,1.000000
`w_ey,ウ,0.125000
`w_ey,ウエー,0.750000
`w_ey,ウェー,0.125000
`s_k_aa,スカ,1.000000
s_t_er_d,スタード,1.000000
`th_er_d,サード,1.000000
`d_ah_m,ダン,1.000000
`l_ay_n,ライン,1.000000
`v_er,バー,1.000000
`m_ae_s_k,マスク,1.000000
`ae,チャ,0.111111
`ae,ア,0.888889
`d_r_ih_l,ドリル,1.000000
`r_uw_l,ルール,1.000000
`l_ay,リ,0.076923
`l_ay,ライ,0.846154
`l_ay,ラ,0.076923
`y_ow,ヤッ,0.250000
`y_ow,ヨ,0.250000
`y_ow,ヨー,0.500000
k_y_ax,ク,0.142857
k_y_ax,キュ,0.857143
`w_ao_r_p,ワープ,1.000000
m_ax_jh,メージ,1.000000
s_m_ax_s,スマス,1.000000
`hh_ae_m,ハム,0.500000
`hh_ae_m,ハン,0.500000
s_t_ax_n_s,スタンス,1.000000
l_ih_s_t,リスト,1.000000
`f_ow_n_z,ホン,0.500000
`f_ow_n_z,ヤホーン,0.500000
`jh_eh_s_t,ジェスト,1.000000
`k_ao_r_t,コート,1.000000
`v_eh,バ,0.166667
`v_eh,ベ,0.833333
e,エ,0.166667
e,オ,0.333333
e,ア,0.166667
e,ヤ,0.166667
`r_ih_m,リン,0.500000
`r_ih_m,リム,0.500000
n_ax_n_s,ナンス,1.000000
`p_r_ih,プリ,1.000000
`p_r_ih_n_s,プリンス,1.000000
`ch_iy_z,チーズ,1.000000
`p_ey_n,ペイン,0.500000
`p_ey_n,キャンペーン,0.500000
`p_aw_t,ロップアウト,1.000000
`g_ey,ゲイ,0.333333
`g_ey,ゲエ,0.166667
`g_ey,ゲー,0.500000
`s_w_iy_t,スイート,1.000000
`f_r_eh_n_ch,フレンチ,1.000000
ih_s_t,イスト,1.000000
`s_t_iy_m,スチーム,1.000000
`s_p_ae_t_s,スパッツ,1.000000
s_ow_s,ソス,1.000000
`l_iy,リー,0.600000
`l_iy,リッ,0.100000
`l_iy,レ,0.200000
`l_iy,リ,0.100000
`s_ow_p,ソープ,1.000000
`k_w_iy_n_z,クイーン,1.000000
`m_ay_k,マイク,1.000000
`hh_y_uw,ユーモ,0.090909
`hh_y_uw,ヒュー,0.727273
`hh_y_uw,ユー,0.181818
`s_aa_zh,サージ,1.000000
`r_ah_m,ラム,1.000000
`aa_r_t,アート,1.000000
b_er,バ,0.050000
b_er,バー,0.900000
`s_aa_k_s,ソックス,1.000000
`p_ae_th,パス,1.000000
`f_ao_r_m,ホーム,0.400000
`f_ao_r_m,ホルム,0.200000
`f_ao_r_m,フォーム,0.400000
`hh_ao,ホ,0.500000
`hh_ao,フ,0.500000
`n_eh_k_t,ネック,1.000000
`s_t_ah_d,スタッド,1.000000
s_ay,シャ,0.500000
s_ay,サイ,0.500000
`f_ay_v,ファイブ,1.000000
d_ax_k,ディック,0.500000
d_ax_k,ドック,0.500000
`k_ih_t,キット,1.000000
`s_t_ae_n,ス,1.000000
`m_ah_n_th,マンス,1.000000
`f_l_ay_n,フライン,1.000000
`l_iy_n,チレン,0.166667
`l_iy_n,リン,0.666667
`l_iy_n,レン,0.166667
`l_ao_f_t,ロフト,1.000000
hh_ax,ハ,1.000000
`s_k_ih_m,スキム,1.000000
`f_r_ah_n_t,フロント,1.000000
`d_ay_z,ダイス,1.000000
`jh_ao,ジョ,1.000000
`k_aw_t,クアウテト,0.200000
`k_aw_t,クアウト,0.800000
`eh_jh,エッジ,1.000000
`d_ah_k,ダク,1.000000
`g_ah_t,ガット,1.000000
p_ow,ポ,1.000000
`ch_er_ch,チャーチ,1.000000
l_ey,レー,1.000000
`t_aa_n,タント,0.500000
`t_aa_n,トン,0.500000
`s_l_ae_v,スラブ,1.000000
`f_l_eh_k,フレキ,0.333333
`f_l_eh_k,フ,0.333333
`f_l_eh_k,フレク,0.333333
`s_uw_n,スーン,1.000000
`p_ae_m,パン,1.000000
ax_n_s,エンス,1.000000
`f_ow_k,フォーク,1.000000
`aa_d_z,オッズ,1.000000
`p_ah_m_p_s,パンプス,1.000000
`m_aa_r_k,マル,0.100000
`m_aa_r_k,マルキ,0.100000
`m_aa_r_k,マーク,0.800000
`p_ih_t,ピット,1.000000
`d_r_eh,ドレッ,0.800000
`d_r_eh,ドレ,0.200000
s_k_r_ax_t,スクリット,1.000000
t_ih_v,ティブ,0.750000
t_ih_v,ティーブ,0.125000
t_ih_v,アチブ,0.125000
`s_uw,スー,0.857143
`s_uw,シュー,0.142857
`k_l_ow_n,イクロン,0.500000
`k_l_ow_n,クローン,0.500000
`ch_ih_l_d,チルド,1.000000
`t_aa,ト,0.538462
`t_aa,トッ,0.230769
`t_aa,タ,0.230769
`s_ae_sh,サッシ,0.500000
`s_ae_sh,サッシュ,0.500000
`s_k_ay,スカイ,1.000000
`ow_n,オン,1.000000
b_e,ベ,0.600000
b_e,ボ,0.200000
b_e,バ,0.200000
`w_ih_t,ウイット,1.000000
th_ax_s,トス,1.000000
`jh_eh_n,ゼン,0.333333
`jh_eh_n,ジェン,0.666667
`th_iy_m,テーマ,1.000000
`s_l_er,スラー,1.000000
`t_r_ae,トラ,1.000000
`k_ey,ケー,1.000000
`p_ah_t,パット,1.000000
`r_ah_k,ラック,0.500000
`r_ah_k,リュック,0.500000
`k_w_ao_r,クォー,1.000000
sh_iy,シ,0.666667
sh_iy,セ,0.333333
b_l_ax_k,ブリック,1.000000
`m_ay_m,マイム,1.000000
`b_ae_k,バック,1.000000
`jh_ae_m,ジャム,0.666667
`jh_ae_m,ジャン,0.333333
`k_w_ih_z,クイズ,1.000000
`n_ao,ノ,1.000000
`g_ae_m,ギャン,1.000000
`s_k_r_iy_n,スクリーン,1.000000
`aw,ア,1.000000
`b_ey,ベー,1.000000
`n_ow,ノ,0.300000
`n_ow,ノー,0.700000
z_ax_k,ジック,1.000000
s_m_ax_n_t,スメント,0.500000
s_m_ax_n_t,スメンセト,0.500000
`m_ao_s,モス,1.000000
`f_ey_d,フェード,1.000000
g_ax_ng_z,ギンス,1.000000
`hh_aw,ハウ,0.857143
`hh_aw,ウハウ,0.142857
k_l_ax,クロペ,1.000000
`d_ih_k,デキ,1.000000
`s_w_eh_r,ポーツウエア,1.000000
s_aa_n,サン,1.000000
`k_r_ae_ng_k,クランク,1.000000
`l_eh_t,レット,0.666667
`l_eh_t,アンレット,0.333333
`p_r_ay_m,プライ,0.500000
`p_r_ay_m,プラ,0.500000
`eh,エ,0.852941
`eh,イン,0.058824
`eh,ア,0.029412
`eh,エッ,0.058824
`k_r_ih,クリ,1.000000
`k_ey_n,カイン,0.500000
`k_ey_n,ケーン,0.500000
`n_uw_z,ニュース,1.000000
t_ow,トー,1.000000
`p_ao_r_t,ポート,1.000000
`m_ae_k_s,マックス,1.000000
`p_ow_l,ポール,0.750000
`p_ow_l,ポル,0.250000
`t_uw_n,チューン,1.000000
`s_aa_n,ソ,1.000000
y_uw,ユー,0.400000
y_uw,ユ,0.400000
k_ax_s_t,ヒスト,1.000000
`r_eh_k,レク,1.000000
b_l_ax,ブ,1.000000
`p_eh_t,ペット,1.000000
`k_ay,キ,0.333333
`k_ay,カイ,0.333333
`k_ay,カ,0.333333
s_ax_n,ゾン,0.125000
s_ax_n,スン,0.125000
s_ax_n,ション,0.125000
s_ax_n,セン,0.125000
s_ax_n,スイン,0.125000
s_ax_n,シン,0.250000
s_ax_n,サン,0.125000
r_ax_t_s,リッツ,1.000000
`s_p_ih_n,スピン,1.000000
`w_ao_l,ウオール,1.000000
n_ax,ノ,0.147727
n_ax,ネ,0.102273
n_ax,ニ,0.431818
n_ax,ナ,0.295455
n_ax,ネー,0.022727
`b_ay,バイ,1.000000
`w_eh_t,エット,0.333333
`w_eh_t,ウエット,0.666667
k_er_d,コード,0.600000
k_er_d,カード,0.400000
`b_ay_n,バイン,1.000000
r_ih,レ,0.269231
r_ih,リ,0.692308
r_ih,ル,0.038462
`hh_ih_n,ヒン,1.000000
`d_eh_th,デス,1.000000
`k_ow_l_d,コールド,1.000000
`n_aa_r,ナー,0.500000
`n_aa_r,ナル,0.500000
`d_r_ah_g,ドラッグ,1.000000
`f_uh_t,フット,1.000000
t_ax_m,テム,1.000000
`y_aa_r_d,ヤード,1.000000
`d_r_iy_m,ドリーム,1.000000
v_ax_ng,ビング,1.000000
`s_aa,サ,0.142857
`s_aa,サッ,0.142857
`s_aa,ソ,0.714286
`t_uw,ツー,0.300000
`t_uw,チュー,0.300000
`t_uw,チュ,0.200000
`t_uw,テュー,0.100000
`t_uw,ツ,0.100000
`m_ae_n_d,マンド,1.000000
`g_ow_l,ゴール,1.000000
sh_ax_s_t,シスト,1.000000
`hh_aa_r,ハー,1.000000
`sh_ao_l,ショール,1.000000
s_er,サー,0.833333
s_er,サ,0.125000
s_er,ル,0.041667
`d_eh_k,デッキ,1.000000
`k_ah_f_s,カフス,1.000000
`s_m_ow,スモー,1.000000
`t_ao_r,トル,1.000000
`s_t_ih_l,スチール,1.000000
v_ax_t,ベット,0.666667
v_ax_t,ベート,0.333333
ih_k_s,エクス,1.000000
k_e,カ,0.600000
k_e,コ,0.400000
`p_l_ah_g,プラグ,1.000000
`r_ow_l_l,クンロール,1.000000
hh_e,ハ,1.000000
`k_iy,キー,1.000000
t_r_ax_s_t,タレスト,0.500000
t_r_ax_s_t,トラスト,0.500000
ax_t,アート,0.500000
ax_t,エット,0.500000
`f_l_eh_r,フレアー,1.000000
`s_ih_d,サイ,1.000000
`hh_ow_p,ホープ,1.000000
`s_t_ae_f,スタッフ,1.000000
`n_aa_b,ノブ,1.000000
`s_ao_ng,ソング,1.000000
`sh_eh_r,シェア,1.000000
`b_iy,ビー,0.666667
`b_iy,ビ,0.333333
`f_iy_d,フィード,1.000000
`p_l_ae_n,プラン,1.000000
`l_ae_m,ラム,1.000000
`hh_uh_d,フード,1.000000
s_k_y_uw,スキュー,1.000000
`t_w_eh_r,トウエア,1.000000
`s_t_r_eh_ch,ストレッチ,1.000000
g_ax,ゴ,0.086957
g_ax,ガ,0.826087
`t_r_eh_n,トレン,1.000000
s_iy,シー,0.875000
s_iy,シ,0.062500
s_iy,ジー,0.062500
`l_uw_p,ループ,1.000000
`p_ey_l,ペール,1.000000
`s_t_ah_n,スタン,1.000000
`r_ow_z,ローズ,1.000000
`l_uh_r,ルアー,1.000000
`d_eh_d,デッド,1.000000
`d_ao_r,ドア,1.000000
`g_ae_s,ガス,1.000000
f_l_er,フラー,1.000000
zh_ax_n,ジョン,1.000000
n_aa_r,ナル,1.000000
`t_eh_k,テキ,0.200000
`t_eh_k,テク,0.800000
`s_l_ow_p,スロープ,1.000000
b_ax_s,バス,1.000000
k_l_ax_t,コレート,1.000000
s_k_ao_r_t,スコート,1.000000
`n_ay,ニ,0.363636
`n_ay,ナ,0.272727
`n_ay,ナイ,0.363636
`f_l_aw,フラ,1.000000
`ih_d,アイディー,1.000000
`n_ay_n,ナイン,1.000000
`d_w_eh_r,ドウエア,1.000000
`p_ah_m_p,ポンプ,1.000000
`jh_ae_z,ジャズ,1.000000
`r_uw,ル,0.500000
`r_uw,ルー,0.500000
`f_eh_l_t,フェルト,1.000000
`l_ay_l,レイユ,1.000000
jh_e,ガ,1.000000
`b_aa_r,バー,0.666667
`b_aa_r,バール,0.333333
zh_ax,ルシア,0.250000
zh_ax,チア,0.250000
zh_ax,シア,0.500000
`k_w_iy_n,クイーン,1.000000
`k_y_uw_b,キューブ,1.000000
`v_eh_l,ベル,1.000000
m_ax_n_d,ヤモンド,0.666667
m_ax_n_d,モンド,0.333333
ih,イ,0.400000
ih,エ,0.520000
ih,イン,0.040000
ih,キ,0.040000
`k_ao_r_n_d,コーン,1.000000
`k_aa_r,カー,1.000000
z_ax_t,ローゼット,0.500000
z_ax_t,ゼット,0.500000
`b_l_ow,ブロー,1.000000
g_ow,ゴ,1.000000
`ah_v,オブ,1.000000
l_ax_g,ローグ,1.000000
`r_eh_d,レッド,1.000000
`s_w_ih_ng,スイング,1.000000
`s_ay_z,サイズ,1.000000
`n_iy_n,ニン,1.000000
`k_r_ao,クロス,0.500000
`k_r_ao,クロ,0.500000
`p_ae_s,パス,1.000000
`sh_ow,ショー,1.000000
`r_ao_r,ロー,1.000000
n_eh,ナ,1.000000
`g_aa_r_d,ガード,1.000000
`y_aa_g,ヨーグ,1.000000
`f_l_aa,フロッ,1.000000
`m_eh_g,メグ,0.500000
`m_eh_g,メッグ,0.500000
z_ax_ng,ジング,1.000000
`jh_ah,ジャグ,1.000000
s_t_ax,スティ,0.400000
s_t_ax,スタ,0.400000
s_t_ax,ステ,0.200000
m_ax_z,マ,1.000000
`l_eh_k_t,レクト,1.000000
s_eh_n,セン,1.000000
n_ow,ノ,1.000000
`d_ae_sh,ダッシュ,1.000000
`d_uw,デュー,1.000000
`hh_ay_k,ハイク,1.000000
`s_n_aa_b,スノッブ,1.000000
`th_ih_ng_k,シンク,1.000000
`t_r_ey_s,トレース,1.000000
`ah_n,アン,1.000000
`sh_ao_r_t_s,ショーツ,1.000000
`n_iy,ネ,1.000000
`p_aa_p,ポップ,1.000000
`f_ih_r,フェア,1.000000
`k_aa_z,コス,1.000000
hh_ax_r_t,ローチャート,1.000000
`k_w_ih_k,クイック,1.000000
`s_eh_k,セク,1.000000
`g_ay_l,ガイル,1.000000
`d_r_ih_ng_k,ドリンク,1.000000
t_ae,タ,1.000000
`s_k_iy_t,スキート,1.000000
`r_aa_n,ラン,1.000000
`f_ae,ファ,0.571429
`f_ae,ファッ,0.428571
n_ax_m,ニム,1.000000
`t_ay_r,タイア,1.000000
`f_ey_k,フェイク,1.000000
`s_p_ih,スピ,1.000000
`s_t_r_ih_p,ストリップ,1.000000
`n_eh_k_s_t,ネクスト,1.000000
s_t_ax_k,ステック,0.142857
s_t_ax_k,スティック,0.571429
s_t_ax_k,スチック,0.285714
`s_t_r_ay_p,ストライプ,1.000000
sh_ax_sh,シッシュ,1.000000
`d_r_ae,ドラ,1.000000
`s_aa_f_t,ソフト,1.000000
`ow_l_d,オールド,1.000000
`f_l_ey,フレー,1.000000
`hh_ay,ハイ,1.000000
`g_uh_r,グル,1.000000
b_r_ax_d,ブリッド,1.000000
`p_iy_l,ピール,1.000000
`g_r_uw,グルー,1.000000
`f_ae_n,ファン,1.000000
m_ih_d,ミッド,1.000000
`g_l_ae,グ,1.000000
`r_aa,ロ,0.777778
`r_aa,ロッ,0.111111
`r_aa,ロー,0.111111
`m_ih_n_t,ミント,1.000000
`t_ay_t_s,タイツ,1.000000
`f_ah_ng,ファン,1.000000
`t_ih_k,チク,0.500000
`t_ih_k,チック,0.500000
t_ax,ト,0.152542
t_ax,テ,0.067797
t_ax,タ,0.372881
t_ax,チ,0.271186
t_ax,ティ,0.067797
t_ax,ツー,0.067797
`k_ao,コー,0.500000
`k_ao,コ,0.500000
`k_r_iy_k,クリーク,1.000000
d_ey,デー,1.000000
`p_ay_l,パイル,1.000000
`k_ow,コー,0.466667
`k_ow,ココ,0.066667
`k_ow,ケーオー,0.066667
`k_ow,コ,0.400000
`d_aa_n,ドン,1.000000
p_ax,プ,0.066667
p_ax,ポ,0.333333
p_ax,ペ,0.044444
p_ax,ピ,0.222222
p_ax,パ,0.333333
`jh_oy_n_t,ジョイント,1.000000
`er,アー,0.666667
`er,レー,0.333333
`ae_k,アック,0.500000
`ae_k,アク,0.500000
ax_m,アム,0.347826
ax_m,エム,0.086957
ax_m,オム,0.043478
ax_m,ウム,0.521739
`b_ao,ボ,1.000000
`t_ah_k,タキ,0.333333
`t_ah_k,タック,0.666667
`f_ih_ng,フィン,1.000000
`f_eh_r,フェア,1.000000
`ch_ih_m,チム,1.000000
d_r_ax_l,ドリール,1.000000
`b_ow,ボー,0.333333
`b_ow,ボ,0.666667
zh_er,ジャー,1.000000
`s_w_aa,スワッ,1.000000
`n_ey,ナ,0.166667
`n_ey,ネー,0.833333
p_l_ax_s,プレス,1.000000
`k_ow_ch,コーチ,1.000000
t_er_n,ターン,0.750000
t_er_n,タン,0.250000
`b_ow_n,ロンボーン,1.000000
n_ax_r,ナー,1.000000
`s_ih_l_k,シルク,1.000000
l_ax_n_jh,レンジ,1.000000
`p_uh_r,プアー,1.000000
s_ax_n_t,セント,1.000000
`s_t_ao_l,ストール,1.000000
`l_aa_r_d,ラード,1.000000
p_ae,パ,1.000000
`s_t_r_ey_t,ストレート,1.000000
`ch_ih_r,チア,1.000000
`ch_ih_p_s,チップ,1.000000
`k_ow_n,コーン,1.000000
k_ax_s,カス,1.000000
b_l_ax_t,ブレット,1.000000
`p_l_ae,プラン,0.250000
`p_l_ae,プラ,0.750000
`d_aa,ダ,0.200000
`d_aa,ドッ,0.100000
`d_aa,ドン,0.100000
`d_aa,ド,0.600000
`s_t_ow,スト,1.000000
`t_r_eh,トレッ,1.000000
k_r_iy,クリ,1.000000
